Acc_x,Acc_y,Acc_z,Gyro_x,Gyro_y,Gyro_z,Mag_x,Mag_y,Mag_z,Temp,Pres,Alti,Lat,Lng
-0.5684,-0.0294,9.6726,0.3268,0.1444,-0.4788,111.0,1336.0,-154.0,30.4,1009.27796875,33.12248374608693,0.0,0.0
-0.5684,-0.0196,9.662799999999999,-0.665,-0.3344,-0.4826,110.0,1335.0,-164.0,30.41,1009.2789453125,33.11432729977259,0.0,0.0
-0.5684,-0.0294,9.662799999999999,-0.2432,0.6308,-0.2964,109.0,1337.0,-156.0,30.41,1009.2689453125,33.197849612376466,0.0,0.0
-0.5684,-0.0294,9.6726,-0.6422,0.0988,0.095,115.0,1333.0,-157.0,30.41,1009.2825,33.08463788913703,0.0,0.0
-0.5684,-0.0294,9.662799999999999,0.4332,0.6726,0.1976,110.0,1334.0,-159.0,30.42,1009.2734765625,33.160003481454815,0.0,0.0
-0.5684,-0.0196,9.653,-0.2508,0.8512,-0.8284,111.0,1337.0,-158.0,30.42,1009.294765625,32.98219375970175,0.0,0.0
-0.5684,-0.0196,9.653,0.7866,0.7106,-0.722,110.0,1334.0,-157.0,30.43,1009.2521484375,33.338142504844576,0.0,0.0
-0.5781999999999999,-0.0294,9.6726,-0.3192,-0.0646,-0.6156,110.0,1334.0,-155.0,30.43,1009.283125,33.07941778173813,0.0,0.0
-0.5684,-0.0294,9.662799999999999,0.7828,-0.076,0.133,110.0,1334.0,-155.0,30.44,1009.311484375,32.84255816212915,0.0,0.0
-0.5684,-0.0196,9.662799999999999,-0.4294,-0.0608,-0.1786,109.0,1333.0,-151.0,30.44,1009.2940625,32.98806632587094,0.0,0.0
-0.5586,-0.0196,9.662799999999999,-0.5738,-0.8398,0.5966,110.0,1335.0,-163.0,30.46,1009.3240234375,32.73783269299478,0.0,0.0
-0.5684,-0.0294,9.653,0.0418,0.247,0.0722,110.0,1332.0,-158.0,30.45,1009.3540234375,32.48727883639771,0.0,0.0
-0.5781999999999999,-0.0294,9.662799999999999,-0.608,0.8854,-0.2546,108.0,1336.0,-156.0,30.46,1009.3446484375,32.565576268843294,0.0,0.0
-0.5781999999999999,-0.0196,9.662799999999999,0.19,-1.1324,0.209,108.0,1337.0,-156.0,30.46,1009.3446484375,32.565576268843294,0.0,0.0
-0.5194,-0.0294,9.653,0.0988,-0.6004,0.3382,112.0,1334.0,-156.0,30.47,1009.3301171875,32.686938452857326,0.0,0.0
-0.5194,-0.0196,9.662799999999999,-0.1862,0.0418,0.5966,111.0,1337.0,-155.0,30.47,1009.3698046875,32.355479488320114,0.0,0.0
-0.5488,-0.0294,9.662799999999999,-0.4826,0.4332,0.2584,111.0,1336.0,-157.0,30.48,1009.374609375,32.31535279040334,0.0,0.0
-0.5684,-0.0196,9.662799999999999,0.0342,0.1862,-0.4408,113.0,1339.0,-158.0,30.48,1009.344609375,32.5659025093759,0.0,0.0
-0.5586,-0.0196,9.653,-0.0456,-0.7106,-0.2622,112.0,1335.0,-153.0,30.48,1009.34171875,32.59004433724091,0.0,0.0
-0.5586,-0.0294,9.662799999999999,-0.646,-0.9918,-0.7372,112.0,1335.0,-153.0,30.49,1009.4033203125,32.07557452611682,0.0,0.0
-0.5586,-0.0294,9.6824,-0.1938,-0.152,-0.0874,112.0,1335.0,-156.0,30.49,1009.3733203125,32.32611847466375,0.0,0.0
-0.5684,-0.0294,9.6824,-0.2318,0.2318,0.4142,112.0,1333.0,-157.0,30.48,1009.3349609375,32.47683922322842,0.0,0.0
-0.5684,-0.0294,9.662799999999999,-0.1938,0.0798,0.8474,112.0,1330.0,-157.0,30.49,1009.3152734375,32.81091203702232,0.0,0.0
-0.5781999999999999,-0.0196,9.6824,-0.4902,-0.1178,0.6232,107.0,1339.0,-156.0,30.49,1009.339453125,32.60896634956885,0.0,0.0
-0.5781999999999999,-0.0196,9.6726,-0.3306,0.1558,0.5852,111.0,1336.0,-158.0,30.49,1009.329453125,32.69248460797458,0.0,0.0
-0.5781999999999999,-0.0196,9.6726,-0.0874,-0.285,0.874,113.0,1334.0,-159.0,30.49,1009.308515625,32.86735313148647,0.0,0.0
-0.5684,-0.0294,9.662799999999999,0.0532,0.9234,-0.1064,112.0,1334.0,-151.0,30.48,1009.31140625,32.843210660567685,0.0,0.0
-0.5781999999999999,-0.0294,9.662799999999999,-0.7562,-0.2014,-0.0152,113.0,1333.0,-155.0,30.48,1009.31140625,32.843210660567685,0.0,0.0
-0.5684,-0.0294,9.662799999999999,0.1292,0.0038,-0.342,113.0,1335.0,-164.0,30.49,1009.288203125,33.0370045061124,0.0,0.0
-0.5684,-0.0294,9.662799999999999,-0.7562,-0.2052,0.703,113.0,1336.0,-156.0,30.49,1009.2955859375,32.97534243669102,0.0,0.0
-0.5684,-0.0294,9.662799999999999,-0.0912,0.2622,-0.4712,113.0,1333.0,-157.0,30.49,1009.3259375,32.721846654870646,0.0,0.0
-0.5781999999999999,-0.0196,9.662799999999999,-0.2964,-0.1178,0.6726,112.0,1334.0,-153.0,30.5,1009.338125,32.62005857967941,0.0,0.0
-0.5684,-0.0294,9.653,-0.3116,-0.4066,-0.209,108.0,1334.0,-151.0,30.5,1009.3371875,32.627888396284135,0.0,0.0
-0.5684,-0.0196,9.662799999999999,0.2204,-0.6992,1.14,111.0,1335.0,-151.0,30.5,1009.2830078125,33.25005139802168,0.0,0.0
-0.5684,-0.0294,9.6726,-0.095,0.5814,-0.6992,110.0,1334.0,-153.0,30.5,1009.293671875,32.99132886406598,0.0,0.0
-0.5684,-0.0294,9.662799999999999,0.1786,0.038,-0.0988,114.0,1333.0,-152.0,30.49,1009.3023828125,32.91857450518424,0.0,0.0
-0.5781999999999999,-0.0294,9.662799999999999,-0.1026,0.1064,-0.133,109.0,1336.0,-155.0,30.49,1009.278515625,33.117916135364624,0.0,0.0
-0.5781999999999999,-0.0196,9.662799999999999,-0.3914,-0.1672,0.6574,115.0,1337.0,-160.0,30.49,1009.288828125,33.0317844225932,0.0,0.0
-0.5684,-0.0294,9.653,0.0456,0.1824,-0.3344,109.0,1338.0,-158.0,30.49,1009.268515625,33.20143847675996,0.0,0.0
-0.5684,-0.0098,9.662799999999999,-0.665,-0.3686,0.836,108.0,1335.0,-155.0,30.49,1009.268515625,33.20143847675996,0.0,0.0
-0.5684,-0.0294,9.6726,-0.1216,-0.1102,-0.0836,114.0,1334.0,-150.0,30.49,1009.2649609375,33.231128220480834,0.0,0.0
-0.5684,-0.0196,9.653,-0.133,0.2356,-0.3192,111.0,1333.0,-155.0,30.49,1009.2549609375,33.31465147014614,0.0,0.0
-0.5684,-0.0196,9.6824,-0.4104,0.0114,-0.2964,113.0,1334.0,-150.0,30.49,1009.2859375,33.055927330812565,0.0,0.0
-0.5684,-0.0294,9.662799999999999,-0.57,-0.057,0.399,115.0,1337.0,-156.0,30.5,1009.293671875,32.99132886406598,0.0,0.0
-0.5684,-0.0294,9.662799999999999,-0.4218,-0.0874,0.7676,112.0,1335.0,-150.0,30.5,1009.3004296875,32.9348870974859,0.0,0.0
-0.5684,-0.0196,9.6726,-0.2432,-0.4028,0.8474,112.0,1335.0,-157.0,30.5,1009.308125,32.870615631853944,0.0,0.0
-0.5684,-0.0196,9.653,-0.6308,-0.0646,-0.323,111.0,1333.0,-157.0,30.51,1009.284921875,33.06440998753428,0.0,0.0
-0.5684,-0.0294,9.6726,-0.7296,-0.5396,0.4712,111.0,1336.0,-155.0,30.5,1009.2810546875,33.096709397534624,0.0,0.0
-0.5684,-0.0196,9.662799999999999,0.1216,0.5472,-1.0374,111.0,1336.0,-155.0,30.51,1009.2613671875,33.26114431119385,0.0,0.0
-0.5684,-0.0196,9.653,-0.4902,-0.5738,0.2888,112.0,1335.0,-153.0,30.51,1009.28265625,33.08333286204122,0.0,0.0
-0.5684,-0.0196,9.662799999999999,-0.3914,0.1444,-0.3496,107.0,1333.0,-154.0,30.51,1009.28265625,32.85691313719195,0.0,0.0
-0.5684,-0.0196,9.662799999999999,0.0494,0.0722,0.3762,110.0,1328.0,-157.0,30.52,1009.2571875,33.29605443859853,0.0,0.0
-0.5781999999999999,-0.0196,9.662799999999999,-1.0184,-0.6384,0.0722,108.0,1337.0,-157.0,30.52,1009.2910546875,33.01318789632849,0.0,0.0
-0.5684,-0.0196,9.662799999999999,0.1368,-0.0418,-0.836,110.0,1336.0,-155.0,30.53,1009.2926171875,33.00013772229187,0.0,0.0
-0.5781999999999999,-0.0196,9.662799999999999,0.6156,0.19,-0.5282,110.0,1336.0,-155.0,30.53,1009.3332421875,33.05657984262314,0.0,0.0
-0.5781999999999999,-0.0196,9.6726,0.4484,-0.285,-0.1368,112.0,1331.0,-163.0,30.54,1009.316796875,32.79818836434933,0.0,0.0
-0.5684,-0.0196,9.6726,-0.456,0.4788,-0.0836,114.0,1333.0,-156.0,30.54,1009.2829296875,33.08104906501729,0.0,0.0
-0.5684,-0.0294,9.6726,0.3002,0.2014,-0.3762,108.0,1336.0,-162.0,30.53,1009.3023046875,32.9192270083869,0.0,0.0
-0.5684,-0.0196,9.662799999999999,-0.57,-0.4066,0.6004,113.0,1336.0,-159.0,30.52,1009.2639453125,33.239611019954104,0.0,0.0
-0.5781999999999999,-0.0294,9.6726,0.3382,0.19,-0.6764,110.0,1331.0,-169.0,30.54,1009.2829296875,33.08104906501729,0.0,0.0
-0.5684,-0.0294,9.662799999999999,0.3382,0.19,-0.6764,110.0,1331.0,-169.0,30.53,1009.2684765625,33.20176473722021,0.0,0.0
-0.5684,-0.0294,9.662799999999999,-0.1444,0.2584,0.2204,115.0,1336.0,-157.0,30.53,1009.2684765625,33.20176473722021,0.0,0.0
-0.5781999999999999,-0.0294,9.6726,-0.2356,0.0228,-0.4446,111.0,1334.0,-160.0,30.52,1009.256484375,33.301927181813106,0.0,0.0
-0.5684,-0.0294,9.653,-0.6384,-0.1558,0.3268,111.0,1333.0,-158.0,30.45,1009.1769921875,33.96589478835743,0.0,0.0
-0.5781999999999999,-0.0196,9.653,0.152,-0.1368,-0.8968,111.0,1334.0,-165.0,30.53,1009.281328125,33.094425597577406,0.0,0.0
-0.5684,-0.0294,9.662799999999999,-0.247,-0.2812,-0.399,114.0,1332.0,-164.0,30.54,1009.266484375,33.218404034232016,0.0,0.0
-0.5781999999999999,-0.0196,9.662799999999999,0.076,-0.1444,-0.2014,116.0,1332.0,-155.0,30.55,1009.3048828125,32.89769442433454,0.0,0.0
-0.5684,-0.0196,9.653,0.0912,-0.3002,-0.3648,108.0,1331.0,-161.0,30.54,1009.266484375,33.218404034232016,0.0,0.0
-0.5781999999999999,-0.0196,9.662799999999999,-0.3002,0.1064,0.6384,110.0,1333.0,-169.0,30.54,1009.29453125,32.98415128139231,0.0,0.0
-0.5684,-0.0196,9.653,-0.0076,0.4256,-0.6802,108.0,1337.0,-158.0,30.55,1009.3019140625,32.92248952500556,0.0,0.0
-0.5781999999999999,-0.0294,9.6726,0.4712,-0.171,-0.0722,111.0,1333.0,-155.0,30.55,1009.292265625,33.003074010022466,0.0,0.0
-0.5684,-0.0196,9.662799999999999,-0.2812,0.247,-0.6042,107.0,1338.0,-159.0,30.55,1009.3364453125,32.63408700527467,0.0,0.0
-0.5781999999999999,-0.0294,9.653,-0.0836,0.2128,0.0152,112.0,1337.0,-156.0,30.55,1009.312578125,32.83342318830594,0.0,0.0
-0.5684,-0.0196,9.662799999999999,0.1368,0.6954,-0.9386,114.0,1335.0,-159.0,30.55,1009.31546875,32.809280796069075,0.0,0.0
-0.5684,-0.0294,9.662799999999999,-0.1178,0.0646,-0.0532,112.0,1335.0,-156.0,30.56,1009.2996875,32.94108588926042,0.0,0.0
-0.5684,-0.0196,9.6726,0.1026,0.665,-1.121,112.0,1338.0,-155.0,30.56,1009.3335546875,32.6582289912516,0.0,0.0
-0.5684,-0.0294,9.662799999999999,0.532,0.5548,-0.5092,113.0,1331.0,-152.0,30.56,1009.300625,32.933255837107026,0.0,0.0
-0.5684,-0.0196,9.662799999999999,-0.1672,-0.0038,-0.2546,110.0,1334.0,-153.0,30.57,1009.3151171875,32.81221702997193,0.0,0.0
-0.5781999999999999,-0.0294,9.662799999999999,-0.4218,0.3002,0.1558,113.0,1333.0,-152.0,30.57,1009.339296875,32.61027131720658,0.0,0.0
-0.5684,-0.0196,9.653,-0.3534,-0.2318,0.4826,113.0,1333.0,-152.0,30.56,1009.307421875,32.876488135085474,0.0,0.0
-0.5684,-0.0196,9.653,-0.3534,-0.2318,0.4826,113.0,1332.0,-151.0,30.56,1009.31125,32.8445156575678,0.0,0.0
-0.5684,-0.0196,9.662799999999999,-0.6194,-0.5358,-0.494,114.0,1336.0,-154.0,30.56,1009.31125,32.8445156575678,0.0,0.0
-0.5684,-0.0294,9.662799999999999,-0.4788,-0.4332,-0.1786,106.0,1336.0,-153.0,30.57,1009.3266796875,32.715647993627286,0.0,0.0
-0.5781999999999999,-0.0196,9.662799999999999,-0.0114,0.7068,0.3686,114.0,1332.0,-154.0,30.57,1009.340234375,32.602441513845925,0.0,0.0
-0.5684,-0.0294,9.6726,-0.6612,-0.8208,0.6574,111.0,1336.0,-162.0,30.57,1009.31609375,32.80406082673142,0.0,0.0
-0.5684,-0.0098,9.662799999999999,0.1596,0.323,-0.2318,113.0,1337.0,-156.0,30.57,1009.3015625,32.92542579083496,0.0,0.0
-0.5684,-0.0196,9.662799999999999,0.0798,0.1748,-0.6308,113.0,1339.0,-157.0,30.57,1009.29578125,32.97371116997311,0.0,0.0
-0.5684,-0.0294,9.6824,-0.6726,-0.5586,-0.3534,108.0,1336.0,-155.0,30.58,1009.3473828125,32.54273945688725,0.0,0.0
-0.5684,-0.0294,9.6726,-0.076,-0.5852,0.2356,110.0,1335.0,-155.0,30.58,1009.3076953125,32.87420438343395,0.0,0.0
-0.5684,-0.0294,9.662799999999999,0.5092,0.1938,-0.7372,110.0,1334.0,-157.0,30.58,1009.32703125,32.71271178696067,0.0,0.0
-0.5684,-0.0294,9.653,-0.7714,-0.6688,0.8284,114.0,1331.0,-155.0,30.59,1009.3115234375,32.84223191292958,0.0,0.0
-0.5684,-0.0196,9.662799999999999,0.1558,0.2622,-0.038,109.0,1336.0,-152.0,30.58,1009.32125,32.760996179545586,0.0,0.0
-0.5684,-0.0294,9.662799999999999,-0.5548,-0.494,0.3762,114.0,1330.0,-156.0,30.59,1009.3463671875,32.55122169547809,0.0,0.0
-0.5684,-0.0294,9.662799999999999,0.7334,0.5966,-0.2394,110.0,1333.0,-162.0,30.59,1009.3521484375,32.50293827577906,0.0,0.0
-0.5684,-0.0196,9.662799999999999,0.3572,-0.741,-0.0114,112.0,1332.0,-156.0,30.59,1009.3434375,32.57568973014293,0.0,0.0
-0.5684,-0.0294,9.6726,-0.4522,0.2242,-0.7106,111.0,1337.0,-155.0,30.59,1009.3395703125,32.60798762395006,0.0,0.0
-0.5781999999999999,-0.0196,9.6726,-1.083,-0.2888,0.6156,114.0,1332.0,-154.0,30.6,1009.326953125,32.71336427725884,0.0,0.0
-0.5781999999999999,-0.0294,9.662799999999999,0.2432,0.38,1.0108,114.0,1334.0,-156.0,30.6,1009.3544140625,32.4840164561571,0.0,0.0
-0.5781999999999999,-0.0196,9.662799999999999,0.2926,0.4598,-0.2204,110.0,1332.0,-155.0,30.61,1009.3824609375,32.249780226667745,0.0,0.0
-0.5684,-0.0294,9.653,-0.5852,0.0456,0.6346,110.0,1337.0,-157.0,30.61,1009.3833984375,32.24195069441938,0.0,0.0
-0.5684,-0.0196,9.662799999999999,-0.1216,-0.2014,-0.3192,115.0,1334.0,-153.0,30.6,1009.3579296875,32.454655079998915,0.0,0.0
-0.5684,-0.0196,9.6726,-0.703,0.2432,0.2394,115.0,1334.0,-153.0,30.61,1009.376640625,32.29838870446081,0.0,0.0
-0.5684,-0.0294,9.662799999999999,0.0342,0.6536,-0.1254,114.0,1335.0,-159.0,30.61,1009.3398828125,32.60537768941776,0.0,0.0
-0.5684,-0.0196,9.6726,-0.2622,0.7486,-0.3914,115.0,1337.0,-156.0,30.61,1009.3524609375,32.500328367577424,0.0,0.0
-0.5684,-0.0196,9.662799999999999,-0.095,-0.095,0.2888,112.0,1336.0,-156.0,30.61,1009.37375,32.322529912005,0.0,0.0
-0.5586,-0.0294,9.653,-0.304,0.494,-0.9234,112.0,1334.0,-159.0,30.62,1009.3543359375,32.484668932123526,0.0,0.0
-0.5781999999999999,-0.0196,9.6726,-0.2356,-0.0418,0.0266,111.0,1332.0,-157.0,30.62,1009.348203125,32.53588842306591,0.0,0.0
-0.5684,-0.0294,9.662799999999999,-0.2318,0.1938,-0.2964,111.0,1333.0,-158.0,30.63,1009.365625,32.39038657896303,0.0,0.0
-0.5684,-0.0196,9.662799999999999,-0.076,0.5092,-1.0678,113.0,1333.0,-156.0,30.62,1009.361796875,32.42235766187116,0.0,0.0
-0.5684,-0.0196,9.662799999999999,-0.2166,-0.4218,0.6802,111.0,1338.0,-151.0,30.63,1009.352734375,32.49804469844175,0.0,0.0
-0.5684,-0.0196,9.6726,0.2052,0.0684,-0.2698,114.0,1335.0,-161.0,30.63,1009.3317578125,32.67323619994524,0.0,0.0
-0.5684,-0.0196,9.662799999999999,-0.2584,-0.2964,0.2508,110.0,1333.0,-156.0,30.63,1009.362734375,32.41452799983478,0.0,0.0
-0.5781999999999999,-0.0196,9.662799999999999,0.0418,0.0684,0.6536,110.0,1334.0,-155.0,30.63,1009.3972265625,32.12646577769484,0.0,0.0
-0.5684,-0.0294,9.662799999999999,0.0646,-0.2622,-0.1406,112.0,1332.0,-151.0,30.64,1009.357578125,32.457591213889565,0.0,0.0
-0.5684,-0.0196,9.6726,0.4408,0.2356,0.6802,108.0,1335.0,-154.0,30.63,1009.3288671875,32.69737827670142,0.0,0.0
-0.5781999999999999,-0.0098,9.6726,0.551,-0.513,-0.0266,113.0,1336.0,-154.0,30.64,1009.3672265625,32.377010950961974,0.0,0.0
-0.5684,-0.0196,9.653,0.513,0.2584,-0.6536,108.0,1337.0,-159.0,30.64,1009.3537109375,32.48988874132647,0.0,0.0
-0.5684,-0.0294,9.6726,-0.2242,0.6992,-0.4142,114.0,1333.0,-155.0,30.63,1009.3459375,32.5548103369664,0.0,0.0
-0.5684,-0.0196,9.662799999999999,-0.095,0.5206,-0.4522,113.0,1334.0,-158.0,30.65,1009.3755859375,32.3071969764038,0.0,0.0
-0.5684,-0.0294,9.6726,-0.779,-0.1748,0.1976,112.0,1333.0,-159.0,30.65,1009.4007421875,32.09710540988773,0.0,0.0
-0.5781999999999999,-0.0196,9.6726,-0.3534,-0.4446,0.5852,114.0,1334.0,-163.0,30.65,1009.368828125,32.36363534014229,0.0,0.0
-0.5684,-0.0294,9.662799999999999,-0.6194,-0.7752,0.038,109.0,1335.0,-158.0,30.65,1009.338828125,32.61418622109425,0.0,0.0
-0.5684,-0.0294,9.662799999999999,-0.5586,0.684,-1.4858,109.0,1332.0,-156.0,30.65,1009.3484765625,32.53360474612948,0.0,0.0
-0.5781999999999999,-0.0196,9.662799999999999,0.1938,0.1558,-0.0038,115.0,1341.0,-157.0,30.64,1009.354609375,32.482385266423144,0.0,0.0
-0.5684,-0.0196,9.662799999999999,-0.2774,0.0912,0.3192,115.0,1335.0,-157.0,30.64,1009.3275390625,32.70847060101176,0.0,0.0
-0.5781999999999999,-0.0294,9.6726,0.0646,-0.5472,-0.3002,110.0,1333.0,-157.0,30.65,1009.3281640625,32.703250682219135,0.0,0.0
-0.5781999999999999,-0.0294,9.662799999999999,0.3306,0.1406,-1.0146,116.0,1331.0,-157.0,30.65,1009.338828125,32.61418622109425,0.0,0.0
-0.5684,-0.0294,9.662799999999999,0.2546,0.494,-0.6916,113.0,1334.0,-156.0,30.65,1009.359140625,32.670952492878655,0.0,0.0
-0.5684,-0.0294,9.6726,-0.133,1.3718,-0.418,112.0,1337.0,-159.0,30.65,1009.33203125,32.670952492878655,0.0,0.0
-0.5781999999999999,-0.0098,9.662799999999999,0.2356,-0.646,0.9462,112.0,1331.0,-156.0,30.65,1009.3281640625,32.703250682219135,0.0,0.0
-0.5684,-0.0196,9.662799999999999,-0.0228,0.0266,0.076,113.0,1334.0,-155.0,30.65,1009.3059375,32.88888565278819,0.0,0.0
-0.5781999999999999,-0.0294,9.6726,-0.3458,-0.0456,-0.1444,110.0,1336.0,-152.0,30.65,1009.3049609375,32.8970419224804,0.0,0.0
-0.5781999999999999,-0.0196,9.653,0.095,0.3534,-0.551,110.0,1336.0,-152.0,30.65,1009.30109375,32.92934081323521,0.0,0.0
-0.5684,-0.0196,9.662799999999999,0.0076,-0.4978,0.4294,115.0,1333.0,-153.0,30.65,1009.3398046875,32.606030172988085,0.0,0.0
-0.5684,-0.0196,9.6726,-0.1216,-0.0456,-0.1406,113.0,1330.0,-163.0,30.65,1009.3455859375,32.557746499102215,0.0,0.0
-0.5684,-0.0294,9.662799999999999,0.1786,-0.1938,-0.3116,113.0,1330.0,-163.0,30.66,1009.3616796875,32.42333637003789,0.0,0.0
-0.5684,-0.0294,9.6726,-0.3914,-0.266,-0.2622,117.0,1333.0,-168.0,30.66,1009.3471875,32.54437065608056,0.0,0.0
-0.5781999999999999,-0.0196,9.662799999999999,-0.0038,0.5966,-0.1178,113.0,1337.0,-166.0,30.67,1009.365546875,32.39103904906288,0.0,0.0
-0.5684,-0.0294,9.6726,0.1254,0.5054,-0.5396,112.0,1335.0,-163.0,30.67,1009.345234375,32.56068266206486,0.0,0.0
-0.5781999999999999,-0.0294,9.6726,-0.342,0.2926,-0.2926,115.0,1334.0,-158.0,30.66,1009.3375,32.62527845676624,0.0,0.0
-0.5781999999999999,-0.0294,9.6726,-0.342,0.2926,-0.2926,115.0,1334.0,-158.0,30.67,1009.3694140625,32.35874182828219,0.0,0.0
-0.5684,-0.0294,9.662799999999999,0.076,-0.3876,-0.0722,113.0,1333.0,-158.0,30.67,1009.3694140625,32.35874182828219,0.0,0.0
-0.5781999999999999,-0.0196,9.662799999999999,-0.152,-0.2926,0.3762,111.0,1338.0,-157.0,30.67,1009.365546875,32.39103904906288,0.0,0.0
-0.5781999999999999,-0.0294,9.6726,0.6308,0.5928,-1.2616,111.0,1332.0,-160.0,30.65,1009.3358984375,32.638654403737405,0.0,0.0
-0.5781999999999999,-0.0196,9.6726,-0.1862,0.437,-0.3002,109.0,1332.0,-156.0,30.68,1009.380703125,32.264460615505044,0.0,0.0
-0.5781999999999999,-0.0196,9.6726,-0.4408,-0.114,-0.1558,109.0,1334.0,-164.0,30.67,1009.3497265625,32.52316508650995,0.0,0.0
-0.5684,-0.0294,9.6726,-0.5168,-0.4104,-0.1976,114.0,1341.0,-159.0,30.67,1009.345859375,32.5554628173672,0.0,0.0
-0.5684,-0.0196,9.662799999999999,-0.5738,-0.0722,-0.4218,109.0,1335.0,-164.0,30.67,1009.355859375,32.47194565815578,0.0,0.0
-0.5781999999999999,-0.0294,9.6726,-0.2128,-0.0342,-0.3078,112.0,1336.0,-162.0,30.68,1009.3542578125,32.48532140812932,0.0,0.0
-0.5684,-0.0196,9.6726,-0.6916,-0.209,-0.9044,113.0,1337.0,-157.0,30.68,1009.3745703125,32.31567902309581,0.0,0.0
-0.5781999999999999,-0.0294,9.6726,0.2204,-0.1862,0.5016,112.0,1331.0,-156.0,30.68,1009.3745703125,32.31567902309581,0.0,0.0
-0.5684,-0.0294,9.6726,-0.247,0.0608,-0.5472,113.0,1334.0,-158.0,30.68,1009.351328125,32.283708267785386,0.0,0.0
-0.5684,-0.0294,9.6824,-0.817,-0.4446,0.19,111.0,1332.0,-167.0,30.68,1009.3783984375,32.283708267785386,0.0,0.0
-0.5781999999999999,-0.0294,9.6726,0.3078,0.5358,-0.9576,113.0,1329.0,-165.0,30.68,1009.34453125,32.566554990475574,0.0,0.0
-0.5781999999999999,-0.0196,9.6726,0.38,0.5814,-0.1406,113.0,1329.0,-165.0,30.69,1009.3755078125,32.30784944128674,0.0,0.0
-0.5781999999999999,-0.0196,9.6726,0.38,0.5814,-0.1406,113.0,1333.0,-152.0,30.69,1009.3590625,32.44519420976759,0.0,0.0
-0.5781999999999999,-0.0196,9.662799999999999,-0.1216,0.0722,-0.285,110.0,1336.0,-160.0,30.69,1009.3590625,32.44519420976759,0.0,0.0
-0.5781999999999999,-0.0294,9.6726,-0.2242,0.0266,0.3686,110.0,1334.0,-161.0,30.68,1009.3377734375,32.62299476021715,0.0,0.0
-0.5781999999999999,-0.0196,9.662799999999999,0.8208,0.1596,-0.1748,114.0,1338.0,-157.0,30.69,1009.3290234375,32.696073298147546,0.0,0.0
-0.5684,-0.0196,9.653,-0.2128,-0.2318,0.0646,114.0,1334.0,-170.0,30.69,1009.331953125,32.67160498055853,0.0,0.0
-0.5684,-0.0294,9.662799999999999,-0.5472,0.589,0.3838,112.0,1337.0,-157.0,30.69,1009.3348828125,32.6471367204737,0.0,0.0
-0.5684,-0.0196,9.662799999999999,-0.532,-0.6118,0.8816,114.0,1338.0,-157.0,30.69,1009.331953125,32.67160498055853,0.0,0.0
-0.5684,-0.0196,9.6726,-0.133,-0.2128,0.2584,117.0,1330.0,-154.0,30.69,1009.341640625,32.59069681985644,0.0,0.0
-0.5684,-0.0196,9.662799999999999,-0.1558,0.1216,-0.2774,112.0,1333.0,-157.0,30.69,1009.29421875,32.986761310882315,0.0,0.0
-0.5781999999999999,-0.0196,9.662799999999999,0.304,0.3762,-0.2888,114.0,1335.0,-155.0,30.69,1009.362890625,32.41322305673624,0.0,0.0
-0.5781999999999999,-0.0196,9.662799999999999,0.304,0.3762,-0.2888,114.0,1335.0,-155.0,30.69,1009.3251953125,32.728045319800295,0.0,0.0
-0.5684,-0.0196,9.662799999999999,0.418,0.5244,-0.2394,118.0,1334.0,-156.0,30.69,1009.3251953125,32.728045319800295,0.0,0.0
-0.5684,-0.0196,9.662799999999999,0.2508,0.3002,-0.3838,111.0,1333.0,-162.0,30.69,1009.346171875,32.55285289600023,0.0,0.0
-0.5684,-0.0294,9.653,-0.0342,-0.2356,0.6384,114.0,1336.0,-155.0,30.69,1009.339375,32.609618833365566,0.0,0.0
-0.5684,-0.0196,9.6726,-0.4484,-0.1216,0.418,114.0,1335.0,-154.0,30.7,1009.398359375,32.11700520569392,0.0,0.0
-0.5781999999999999,-0.0196,9.662799999999999,-0.8626,-0.7182,0.4522,113.0,1333.0,-155.0,30.7,1009.3548046875,32.48075407694019,0.0,0.0
-0.5684,-0.0196,9.653,-0.0228,0.1368,-0.342,111.0,1333.0,-171.0,30.7,1009.360625,32.43214474769233,0.0,0.0
-0.5684,-0.0294,9.6726,-0.1862,0.1482,0.418,113.0,1332.0,-156.0,30.67,1009.281328125,33.094425597577406,0.0,0.0
-0.5781999999999999,-0.0294,9.662799999999999,-0.7486,0.095,-0.1178,111.0,1332.0,-168.0,30.71,1009.359296875,32.44323678941317,0.0,0.0
-0.5781999999999999,-0.0294,9.6726,0.0532,0.3496,0.0152,115.0,1335.0,-163.0,30.71,1009.3796484375,32.27326885874023,0.0,0.0
-0.5781999999999999,-0.0196,9.662799999999999,-1.3528,-0.1482,0.4142,114.0,1335.0,-166.0,30.71,1009.393203125,32.16006718912748,0.0,0.0
-0.5684,-0.0294,9.662799999999999,-1.3528,-0.1482,0.4142,114.0,1335.0,-166.0,30.72,1009.3870703125,32.21128508314242,0.0,0.0
-0.5684,-0.0294,9.662799999999999,-0.1482,0.1482,-0.722,113.0,1333.0,-164.0,30.72,1009.3870703125,32.21128508314242,0.0,0.0
-0.5781999999999999,-0.0294,9.6726,0.4446,0.1862,0.1178,115.0,1330.0,-161.0,30.73,1009.3792578125,32.276531172942555,0.0,0.0
-0.5781999999999999,-0.0196,9.653,-0.0418,0.2318,0.5472,111.0,1335.0,-157.0,30.72,1009.394765625,32.147018084430634,0.0,0.0
-0.5684,-0.0196,9.653,0.5206,0.304,-0.2926,116.0,1334.0,-156.0,30.72,1009.384140625,32.235752318900595,0.0,0.0
-0.5684,-0.0294,9.6726,0.0646,-0.2964,0.7296,111.0,1334.0,-156.0,30.73,1009.3995703125,32.106892189958266,0.0,0.0
-0.5781999999999999,-0.0294,9.662799999999999,-0.4332,-0.2736,-0.1862,113.0,1336.0,-156.0,30.73,1009.3666796875,31.98553676733286,0.0,0.0
-0.5684,-0.0294,9.662799999999999,-0.1482,-0.0684,-0.2584,116.0,1336.0,-157.0,30.73,1009.386015625,32.220093281394014,0.0,0.0
-0.5684,-0.0196,9.662799999999999,0.2052,-0.0114,-0.7296,112.0,1335.0,-152.0,30.73,1009.3734375,32.32513977563154,0.0,0.0
-0.5781999999999999,-0.0196,9.662799999999999,-0.4218,0.1254,0.4218,112.0,1331.0,-169.0,30.74,1009.3941015625,32.15256395192849,0.0,0.0
-0.5781999999999999,-0.0196,9.6726,-0.3002,-1.254,0.5776,110.0,1334.0,-163.0,30.66,1009.310390625,33.02134426340969,0.0,0.0
-0.5684,-0.0196,9.6726,-0.6118,-0.0532,0.2128,112.0,1333.0,-157.0,30.73,1009.4141015625,31.98553676733286,0.0,0.0
-0.5781999999999999,-0.0196,9.662799999999999,-0.1102,0.1292,-0.1824,117.0,1330.0,-158.0,30.74,1009.3769921875,32.2954526154701,0.0,0.0
-0.5781999999999999,-0.0294,9.6726,-0.2546,0.4712,-0.0076,115.0,1330.0,-154.0,30.74,1009.4018359375,32.087971090123034,0.0,0.0
-0.5684,-0.0294,9.653,0.5206,0.1444,0.1672,116.0,1335.0,-156.0,30.75,1009.39890625,32.112438036081535,0.0,0.0
-0.5781999999999999,-0.0294,9.6726,-0.0076,0.2432,-0.608,115.0,1332.0,-158.0,30.75,1009.3959765625,32.13690503953931,0.0,0.0
-0.5781999999999999,-0.0294,9.6726,-0.0076,0.2432,-0.608,115.0,1332.0,-158.0,30.75,1009.3959765625,32.13690503953931,0.0,0.0
-0.5781999999999999,-0.0294,9.6726,-0.342,-0.361,0.7714,110.0,1335.0,-164.0,30.75,1009.371796875,32.33884157041476,0.0,0.0
-0.5684,-0.0294,9.6726,0.1596,-0.3838,0.0418,113.0,1334.0,-155.0,30.75,1009.4027734375,32.080141679561684,0.0,0.0
-0.5684,-0.0196,9.6726,0.1748,0.228,-0.5206,111.0,1337.0,-157.0,30.75,1009.4192578125,31.94247550577772,0.0,0.0
-0.5684,-0.0196,9.662799999999999,-0.057,0.4066,0.4674,111.0,1334.0,-163.0,30.75,1009.38921875,32.19334248012977,0.0,0.0
-0.5684,-0.0196,9.653,-0.3724,-0.1748,-0.7676,110.0,1333.0,-159.0,30.75,1009.3862890625,32.21780967372444,0.0,0.0
-0.5684,-0.0294,9.6726,0.0076,0.0342,0.6878,113.0,1332.0,-157.0,30.75,1009.371796875,32.33884157041476,0.0,0.0
-0.5781999999999999,-0.0294,9.653,-0.684,-0.3496,-0.0342,113.0,1335.0,-163.0,30.65,1009.244921875,33.39850165652177,0.0,0.0
-0.5684,-0.0196,9.6726,-0.817,-0.3876,1.0906,110.0,1335.0,-156.0,30.76,1009.397890625,32.120919924100555,0.0,0.0
-0.5781999999999999,-0.0294,9.6726,-0.4484,0.1824,-0.1824,111.0,1333.0,-156.0,30.75,1009.3930859375,32.161045872636905,0.0,0.0
-0.5781999999999999,-0.0196,9.662799999999999,-0.285,-0.228,0.1938,113.0,1334.0,-153.0,30.75,1009.3901953125,32.185186761713,0.0,0.0
-0.5684,-0.0098,9.6726,-1.0906,-0.9956,0.7106,113.0,1332.0,-154.0,30.76,1009.40078125,32.096779184046156,0.0,0.0
-0.5684,-0.0196,9.6726,0.4522,0.2964,-0.114,117.0,1335.0,-154.0,30.75,1009.4105078125,32.015549267080324,0.0,0.0
-0.5684,-0.0294,9.653,-0.304,-0.4256,0.3078,112.0,1334.0,-158.0,30.75,1009.3862890625,32.21780967372444,0.0,0.0
-0.5781999999999999,-0.0196,9.662799999999999,-0.0912,0.1102,-0.0418,112.0,1332.0,-161.0,30.76,1009.3814453125,32.25826222658469,0.0,0.0
-0.5781999999999999,-0.0196,9.662799999999999,0.3268,0.1558,-0.0988,114.0,1334.0,-152.0,30.77,1009.4359765625,31.80285385236645,0.0,0.0
-0.5781999999999999,-0.0196,9.653,0.1368,0.6916,-0.8208,115.0,1329.0,-153.0,30.77,1009.39625,32.134621450114174,0.0,0.0
-0.5781999999999999,-0.0196,9.6824,0.2736,0.3572,-0.2774,115.0,1329.0,-153.0,30.77,1009.4126953125,31.99728077866923,0.0,0.0
-0.5684,-0.0196,9.6726,0.0152,0.247,-0.6954,116.0,1338.0,-156.0,30.77,1009.393359375,32.15876227792103,0.0,0.0
-0.5586,-0.0294,9.662799999999999,-0.3876,0.19,-0.2584,109.0,1336.0,-154.0,30.77,1009.42625,31.884082109855974,0.0,0.0
-0.5684,-0.0196,9.662799999999999,-0.019,-0.076,0.6916,117.0,1331.0,-151.0,30.77,1009.393359375,32.15876227792103,0.0,0.0
-0.5586,-0.0294,9.662799999999999,0.5966,0.5662,-0.9728,113.0,1331.0,-160.0,30.78,1009.3836328125,32.23999331228132,0.0,0.0
-0.5781999999999999,-0.0294,9.662799999999999,0.2052,0.7258,-1.0298,111.0,1332.0,-157.0,30.78,1009.3671875,32.37733718558372,0.0,0.0
-0.5781999999999999,-0.0294,9.662799999999999,0.095,0.1862,-0.4978,114.0,1333.0,-156.0,30.78,1009.4213671875,31.924859586479602,0.0,0.0
-0.5684,-0.0196,9.662799999999999,0.5586,0.817,-0.912,113.0,1332.0,-156.0,30.77,1009.42046875,31.932362659572135,0.0,0.0
-0.5781999999999999,-0.0294,9.6726,-0.323,-0.2014,-0.1634,113.0,1332.0,-156.0,30.78,1009.41171875,32.00543634989024,0.0,0.0
-0.5684,-0.0294,9.662799999999999,-0.5434,-0.3762,0.9196,112.0,1334.0,-157.0,30.78,1009.425234375,31.89256381183781,0.0,0.0
-0.5781999999999999,-0.0196,9.653,-0.5206,-0.8436,0.0836,116.0,1330.0,-155.0,30.78,1009.395234375,32.1431033562103,0.0,0.0
-0.5781999999999999,-0.0294,9.6726,-0.0266,0.0304,-0.057,112.0,1336.0,-157.0,30.79,1009.410078125,32.01913772392427,0.0,0.0
-0.5684,-0.0294,9.662799999999999,-0.361,-0.8474,0.8284,115.0,1335.0,-152.0,30.79,1009.410078125,32.01913772392427,0.0,0.0
-0.5684,-0.0294,9.6824,0.6384,0.589,-0.1444,113.0,1336.0,-160.0,30.79,1009.4333203125,31.825036606769302,0.0,0.0
-0.5684,-0.0294,9.6726,0.0646,-0.5548,0.4104,113.0,1336.0,-160.0,30.79,1009.3926953125,32.16430815167427,0.0,0.0
-0.5684,-0.0294,9.662799999999999,-0.3496,-1.2274,0.2356,112.0,1337.0,-156.0,30.8,1009.4623046875,31.582986166074786,0.0,0.0
-0.5684,-0.0196,9.6726,-0.551,0.513,-0.4712,112.0,1336.0,-155.0,30.81,1009.47359375,31.48871197807161,0.0,0.0
-0.5684,-0.0294,9.662799999999999,-0.399,-0.0304,0.0722,112.0,1336.0,-155.0,30.81,1009.422578125,31.914746757381565,0.0,0.0
-0.5781999999999999,-0.0196,9.662799999999999,-0.8436,0.1482,0.399,115.0,1333.0,-156.0,30.81,1009.4435546875,31.739568018693436,0.0,0.0
-0.5781999999999999,-0.0196,9.662799999999999,-0.8436,0.1482,0.399,115.0,1333.0,-156.0,30.81,1009.422578125,31.97118299369132,0.0,0.0
-0.5684,-0.0196,9.653,-0.304,0.152,0.2356,112.0,1339.0,-161.0,30.8,1009.4071484375,32.04360450811901,0.0,0.0
-0.5684,-0.0196,9.662799999999999,-0.1444,-0.5434,0.3724,109.0,1338.0,-156.0,30.8,1009.400390625,32.10004144294425,0.0,0.0
-0.5684,-0.0294,9.662799999999999,-0.1444,-0.5434,0.3724,109.0,1338.0,-156.0,30.79,1009.3926953125,32.16430815167427,0.0,0.0
-0.5684,-0.0294,9.662799999999999,0.0418,-0.2812,-0.0304,115.0,1337.0,-159.0,30.79,1009.3926953125,32.16430815167427,0.0,0.0
-0.5781999999999999,-0.0294,9.662799999999999,-0.0342,-0.0342,-0.5624,112.0,1335.0,-163.0,30.8,1009.411015625,32.01130836512851,0.0,0.0
-0.5781999999999999,-0.0196,9.653,-0.0342,-0.2394,-0.2508,111.0,1333.0,-157.0,30.8,1009.36359375,32.407350814813135,0.0,0.0
-0.5684,-0.0196,9.6726,0.4636,0.418,0.0836,108.0,1333.0,-155.0,30.79,1009.38296875,32.24553922930543,0.0,0.0
-0.5781999999999999,-0.0294,9.6726,-0.4294,-0.1406,0.7372,108.0,1333.0,-157.0,30.79,1009.4055859375,32.05665348320011,0.0,0.0
-0.5781999999999999,-0.0294,9.6726,-0.5244,-1.045,0.2508,113.0,1333.0,-156.0,30.8,1009.420703125,31.93040533563714,0.0,0.0
-0.5684,-0.0196,9.662799999999999,-0.4978,-0.627,0.8854,114.0,1337.0,-156.0,30.79,1009.3694140625,32.35874182828219,0.0,0.0
-0.5781999999999999,-0.0294,9.662799999999999,0.38,-0.4522,0.4028,112.0,1337.0,-158.0,30.8,1009.380078125,32.26968031430132,0.0,0.0
-0.5684,-0.0196,9.662799999999999,0.209,-0.1672,-0.1368,113.0,1330.0,-161.0,30.8,1009.3974609375,32.12450841726604,0.0,0.0
-0.5781999999999999,-0.0196,9.662799999999999,-0.1596,0.2204,0.646,114.0,1332.0,-160.0,30.81,1009.402265625,32.1408197654268,0.0,0.0
-0.5684,-0.0294,9.662799999999999,-0.0418,-0.6422,0.2812,115.0,1338.0,-161.0,30.8,1009.3878125,32.20508672587792,0.0,0.0
-0.5684,-0.0294,9.662799999999999,-0.2584,0.5966,-0.0342,112.0,1332.0,-157.0,30.81,1009.392265625,32.167896659796554,0.0,0.0
-0.5684,-0.0294,9.662799999999999,-0.2014,0.3268,0.0342,110.0,1333.0,-156.0,30.81,1009.386484375,32.21617852569628,0.0,0.0
-0.5781999999999999,-0.0294,9.662799999999999,-0.6878,-0.133,-0.4066,115.0,1335.0,-157.0,30.81,1009.4203515625,31.933341321682363,0.0,0.0
-0.5684,-0.0196,9.6726,-0.7828,-0.6422,-0.1178,115.0,1335.0,-157.0,30.81,1009.4096875,32.02239995849481,0.0,0.0
-0.5781999999999999,-0.0196,9.662799999999999,-0.038,-0.1368,-0.019,112.0,1332.0,-155.0,30.82,1009.42484375,31.895826006745022,0.0,0.0
-0.5781999999999999,-0.0392,9.6726,-0.1976,-0.076,0.5586,114.0,1335.0,-160.0,30.81,1009.4029296875,32.07883677837073,0.0,0.0
-0.5684,-0.0196,9.662799999999999,0.2356,0.114,-0.7372,114.0,1340.0,-154.0,30.81,1009.386484375,32.21617852569628,0.0,0.0
-0.5781999999999999,-0.0294,9.6726,-0.0874,-0.0076,0.2926,115.0,1330.0,-157.0,30.82,1009.4044921875,32.06578777548741,0.0,0.0
-0.5684,-0.0294,9.662799999999999,0.4826,0.3154,-0.7828,110.0,1332.0,-159.0,30.8,1009.37328125,32.32644470769089,0.0,0.0
-0.5684,-0.0196,9.662799999999999,-0.6004,-0.285,0.7144,112.0,1335.0,-155.0,30.82,1009.3903125,32.18420807592979,0.0,0.0
-0.5781999999999999,-0.0294,9.6726,-0.2166,-0.0114,-0.4712,114.0,1334.0,-155.0,30.82,1009.4076953125,32.039037370703845,0.0,0.0
-0.5781999999999999,-0.0196,9.662799999999999,-0.0418,-0.0418,-0.3116,112.0,1335.0,-155.0,30.81,1009.389375,32.19203756475471,0.0,0.0
-0.5684,-0.0294,9.6726,0.2204,1.3604,-0.5548,111.0,1330.0,-156.0,30.81,1009.3729296875,32.3293808054224,0.0,0.0
-0.5781999999999999,-0.0196,9.6726,-0.5738,-0.7638,-0.019,116.0,1334.0,-155.0,30.82,1009.3903125,32.18420807592979,0.0,0.0
-0.5684,-0.0294,9.662799999999999,0.2926,0.1216,-0.665,113.0,1333.0,-155.0,30.81,1009.3555078125,32.47488179692375,0.0,0.0
-0.5684,-0.0294,9.6726,-0.3838,-0.2812,-0.038,113.0,1331.0,-153.0,30.82,1009.363203125,32.410613171026405,0.0,0.0
-0.5781999999999999,-0.0294,9.6726,-0.1292,-0.2166,-0.3344,113.0,1331.0,-153.0,30.81,1009.386484375,32.21617852569628,0.0,0.0
-0.5684,-0.0294,9.662799999999999,0.0798,0.4142,-0.5434,112.0,1332.0,-164.0,30.82,1009.37,32.353848318720495,0.0,0.0
-0.5684,-0.0196,9.662799999999999,0.114,-0.1862,0.6764,108.0,1335.0,-154.0,30.82,1009.4106640625,32.014244373985434,0.0,0.0
-0.5684,-0.0196,9.662799999999999,-0.4332,0.6384,0.3268,115.0,1334.0,-158.0,30.82,1009.3603125,32.43475463880118,0.0,0.0
-0.5684,-0.0196,9.662799999999999,-0.0836,-0.3078,-0.8664,114.0,1337.0,-156.0,30.82,1009.3841796875,32.235426088713226,0.0,0.0
-0.5684,-0.0294,9.6726,-0.513,0.152,-0.5852,114.0,1334.0,-156.0,30.82,1009.3638671875,32.40506716606774,0.0,0.0
-0.5781999999999999,-0.0294,9.653,-0.2166,0.4712,0.0342,111.0,1334.0,-156.0,30.83,1009.40546875,32.057632156989335,0.0,0.0
-0.5684,-0.0196,9.662799999999999,0.152,0.3344,0.0684,110.0,1338.0,-157.0,30.83,1009.3928515625,32.16300323993628,0.0,0.0
-0.5684,-0.0294,9.6726,-0.095,-0.1596,-0.1596,112.0,1328.0,-155.0,30.84,1009.4080078125,32.036427578795134,0.0,0.0
-0.5684,-0.0196,9.662799999999999,0.019,0.0114,-0.4066,112.0,1328.0,-155.0,30.84,1009.3847265625,32.23085886714823,0.0,0.0
-0.5684,-0.0196,9.6726,-1.0412,0.0494,-0.703,109.0,1333.0,-156.0,30.84,1009.4215234375,32.26315569121693,0.0,0.0
-0.5684,-0.0196,9.6726,0.3572,-0.2356,-0.0038,116.0,1336.0,-157.0,30.85,1009.405703125,32.05567480950439,0.0,0.0
-0.5684,-0.0196,9.6726,0.3572,-0.2356,-0.0038,116.0,1336.0,-157.0,30.85,1009.4269921875,31.87788394738914,0.0,0.0
-0.5684,-0.0196,9.6726,0.2318,0.323,-0.418,116.0,1337.0,-155.0,30.86,1009.4141015625,31.98553676733286,0.0,0.0
-0.5684,-0.0294,9.662799999999999,-0.3192,-0.1672,0.798,108.0,1332.0,-156.0,30.86,1009.4141015625,31.98553676733286,0.0,0.0
-0.5781999999999999,-0.0196,9.662799999999999,0.0532,0.0076,-0.9044,115.0,1335.0,-158.0,30.86,1009.4344140625,31.81590252570311,0.0,0.0
-0.5684,-0.0294,9.6726,-0.475,-0.323,-0.2546,114.0,1338.0,-156.0,30.87,1009.47015625,31.517418214821152,0.0,0.0
-0.5781999999999999,-0.0294,9.6726,-0.1596,0.2622,-0.152,116.0,1332.0,-156.0,30.87,1009.44984375,31.68704759315342,0.0,0.0
-0.5684,-0.0196,9.662799999999999,-0.0874,-0.1596,0.4408,109.0,1333.0,-153.0,30.86,1009.415,31.97803365591568,0.0,0.0
-0.5781999999999999,-0.0196,9.662799999999999,0.779,0.4256,-0.4902,113.0,1335.0,-156.0,30.86,1009.397578125,32.12352973719191,0.0,0.0
-0.5684,-0.0098,9.6726,-0.1596,-0.1064,-0.4256,117.0,1336.0,-159.0,30.86,1009.4141015625,31.98553676733286,0.0,0.0
-0.5781999999999999,-0.0196,9.6726,-0.2242,-0.437,-0.5586,111.0,1336.0,-155.0,30.85,1009.4201953125,31.9346462046338,0.0,0.0
-0.5684,-0.0196,9.6726,-0.095,-0.3382,0.6194,115.0,1336.0,-156.0,30.85,1009.3815625,32.257283533930895,0.0,0.0
-0.5684,-0.0294,9.662799999999999,0.0798,0.4028,-0.8588,117.0,1333.0,-155.0,30.86,1009.3763671875,32.30067232980392,0.0,0.0
-0.5684,-0.0196,9.6726,-0.722,0.1786,-0.0874,108.0,1333.0,-157.0,30.86,1009.401484375,32.37374860527605,0.0,0.0
-0.5781999999999999,-0.0294,9.662799999999999,-0.5852,-0.1292,-0.2584,108.0,1333.0,-157.0,30.86,1009.3946875,32.14767053927347,0.0,0.0
-0.5684,-0.0294,9.653,-0.8246,-0.3268,0.4028,117.0,1335.0,-155.0,30.86,1009.3898828125,32.18779659091281,0.0,0.0
-0.5781999999999999,-0.0196,9.662799999999999,-0.0608,0.247,-0.589,111.0,1331.0,-153.0,30.85,1009.3863671875,32.217157214481674,0.0,0.0
-0.5781999999999999,-0.0294,9.662799999999999,-0.2052,-0.209,0.0418,115.0,1336.0,-155.0,30.87,1009.40921875,32.02631464132798,0.0,0.0
-0.5781999999999999,-0.0294,9.662799999999999,-0.4712,0.0798,-0.5054,111.0,1334.0,-161.0,30.86,1009.415,31.97803365591568,0.0,0.0
-0.5684,-0.0196,9.6726,0.6156,0.1482,-1.0412,113.0,1337.0,-154.0,30.88,1009.4646875,31.56308739095817,0.0,0.0
-0.5684,-0.0196,9.653,0.0532,-0.0912,0.2774,113.0,1337.0,-154.0,30.88,1009.4452734375,31.72521458416126,0.0,0.0
-0.5684,-0.0294,9.662799999999999,0.4066,-0.1102,1.0678,115.0,1332.0,-156.0,30.88,1009.458828125,31.61201887340816,0.0,0.0
-0.5781999999999999,-0.0196,9.6726,-0.3344,-0.1102,-0.4332,111.0,1334.0,-156.0,30.89,1009.419140625,31.943454168837818,0.0,0.0
-0.5684,-0.0196,9.6726,0.019,-0.095,-0.2812,115.0,1335.0,-156.0,30.89,1009.4365234375,31.798286820564304,0.0,0.0
-0.5684,-0.0294,9.6726,0.0152,-0.076,-0.0076,115.0,1335.0,-156.0,30.9,1009.444296875,31.733369942261415,0.0,0.0
-0.5781999999999999,-0.0196,9.653,0.3192,0.3952,-0.2432,116.0,1339.0,-152.0,30.9,1009.461640625,31.588531733132434,0.0,0.0
-0.5781999999999999,-0.0196,9.653,-0.4218,0.3876,0.8284,117.0,1336.0,-158.0,30.9,1009.4171484375,31.960091454891003,0.0,0.0
-0.5781999999999999,-0.0196,9.662799999999999,-0.3116,-0.1254,-0.095,112.0,1335.0,-157.0,30.9,1009.4378125,31.787521682096635,0.0,0.0
-0.5684,-0.0294,9.6726,0.0912,-0.1938,-0.323,113.0,1333.0,-154.0,30.9,1009.455234375,31.64203029642358,0.0,0.0
-0.5684,-0.0294,9.662799999999999,-0.5928,0.2584,0.6042,114.0,1338.0,-157.0,30.9,1009.4513671875,31.674325293912258,0.0,0.0
-0.5781999999999999,-0.0294,9.6726,-0.4636,0.0228,-0.0418,112.0,1335.0,-151.0,30.91,1009.4591015625,31.609735399109532,0.0,0.0
-0.5684,-0.0196,9.662799999999999,-0.2318,0.2508,-0.0152,113.0,1333.0,-151.0,30.91,1009.45328125,31.65834088869261,0.0,0.0
-0.5684,-0.0196,9.6726,0.1824,0.2888,-0.5624,113.0,1333.0,-151.0,30.91,1009.469765625,31.52068029219027,0.0,0.0
-0.5684,-0.0196,9.662799999999999,-0.342,0.038,-0.6004,113.0,1336.0,-153.0,30.92,1009.4783984375,31.448588620698583,0.0,0.0
-0.5781999999999999,-0.0196,9.662799999999999,0.5814,-0.7486,0.8588,113.0,1333.0,-156.0,30.91,1009.47359375,31.48871197807161,0.0,0.0
-0.5684,-0.0196,9.6726,0.1672,-0.1026,0.9348,111.0,1334.0,-158.0,30.92,1009.461015625,31.59375109305558,0.0,0.0
-0.5684,-0.0294,9.6726,-0.3648,0.6536,-0.3458,111.0,1335.0,-155.0,30.92,1009.44453125,31.731412655735642,0.0,0.0
-0.5684,-0.0294,9.6726,-1.0716,-1.0526,0.988,116.0,1334.0,-154.0,30.92,1009.46484375,31.56178255457509,0.0,0.0
-0.5684,-0.0098,9.6726,-0.0646,-0.3154,-0.038,113.0,1334.0,-157.0,30.93,1009.4490234375,31.69389806841533,0.0,0.0
-0.5781999999999999,-0.0294,9.662799999999999,0.5966,0.3648,-0.3876,110.0,1337.0,-153.0,30.93,1009.482890625,31.411075052458475,0.0,0.0
-0.5781999999999999,-0.0196,9.662799999999999,-0.0266,-0.0836,0.494,112.0,1335.0,-156.0,30.93,1009.4528515625,31.661929222422263,0.0,0.0
-0.5684,-0.0196,9.662799999999999,0.703,-0.1406,0.3192,115.0,1330.0,-155.0,30.93,1009.4596875,31.604842241591218,0.0,0.0
-0.5684,-0.0196,9.662799999999999,-0.2736,-0.513,0.0304,113.0,1337.0,-155.0,30.93,1009.44609375,31.71836408829253,0.0,0.0
-0.5781999999999999,-0.0196,9.6726,-0.1216,-0.1178,0.3116,116.0,1335.0,-154.0,30.93,1009.4767578125,31.462289261928206,0.0,0.0
-0.5781999999999999,-0.0294,9.6726,-0.1596,-0.1938,-0.2242,113.0,1337.0,-159.0,30.94,1009.4776953125,31.454460321878525,0.0,0.0
-0.5684,-0.0294,9.6726,-0.0418,0.2356,-0.5168,114.0,1332.0,-156.0,30.92,1009.458046875,31.618543088441147,0.0,0.0
-0.5781999999999999,-0.0294,9.6726,-0.475,-0.323,0.589,116.0,1338.0,-153.0,30.94,1009.488359375,31.36540654312204,0.0,0.0
-0.5684,-0.0196,9.653,-0.4066,1.1286,-0.0874,116.0,1338.0,-153.0,30.94,1009.455390625,31.640725450143123,0.0,0.0
-0.5781999999999999,-0.0196,9.6726,0.0646,0.1102,0.1368,115.0,1333.0,-155.0,30.94,1009.42734375,31.874947976984824,0.0,0.0
-0.5781999999999999,-0.0294,9.6726,0.1368,0.1178,0.19,114.0,1332.0,-151.0,30.94,1009.4380078125,31.78589060147989,0.0,0.0
-0.5684,-0.0196,9.662799999999999,0.2394,0.304,-0.133,118.0,1337.0,-151.0,30.94,1009.4757421875,31.470770620297387,0.0,0.0
-0.5684,-0.0294,9.662799999999999,-0.0988,0.6232,-0.171,115.0,1334.0,-155.0,30.94,1009.455390625,31.640725450143123,0.0,0.0
-0.5684,-0.0196,9.6726,0.3648,-0.1672,-0.741,112.0,1335.0,-155.0,30.95,1009.4357421875,31.80481115232824,0.0,0.0
-0.5781999999999999,-0.0294,9.662799999999999,0.0646,-0.0532,-0.494,111.0,1332.0,-165.0,30.94,1009.4312109375,31.84265235717223,0.0,0.0
-0.5684,-0.0196,9.6726,-1.235,-0.2546,-0.0152,116.0,1335.0,-158.0,30.94,1009.4476953125,31.704989323636898,0.0,0.0
-0.5684,-0.0196,9.6726,-0.5548,-0.2812,0.4522,116.0,1335.0,-158.0,30.95,1009.4592578125,31.83482313108792,0.0,0.0
-0.5684,-0.0392,9.6726,0.1102,-0.5624,1.0336,116.0,1331.0,-155.0,30.95,1009.459921875,31.602884979225674,0.0,0.0
-0.5684,-0.0196,9.6726,-0.4104,-0.1102,0.095,111.0,1336.0,-158.0,30.95,1009.4457421875,31.721300014540084,0.0,0.0
-0.5684,-0.0294,9.662799999999999,-0.0456,0.1444,0.1406,116.0,1332.0,-157.0,30.95,1009.483125,31.40911782651783,0.0,0.0
-0.5781999999999999,-0.0294,9.662799999999999,-0.5966,0.0342,-0.0228,118.0,1336.0,-154.0,30.95,1009.47734375,31.457396173706282,0.0,0.0
-0.5684,-0.0196,9.662799999999999,0.7562,0.8398,-0.5928,114.0,1336.0,-150.0,30.95,1009.4569921875,31.627350785224092,0.0,0.0
-0.5781999999999999,-0.0294,9.662799999999999,-0.152,0.3534,-0.2926,111.0,1334.0,-156.0,30.96,1009.46734375,31.540905194671797,0.0,0.0
-0.5684,-0.0294,9.6824,-0.9044,-0.285,1.102,110.0,1335.0,-163.0,30.96,1009.484765625,31.39541725525886,0.0,0.0
-0.5781999999999999,-0.0294,9.662799999999999,0.0304,0.2432,0.285,115.0,1336.0,-156.0,30.96,1009.484765625,31.735327229156308,0.0,0.0
-0.5684,-0.0196,9.662799999999999,-0.3838,-0.4674,-0.3078,116.0,1337.0,-157.0,30.97,1009.47984375,31.436519023124355,0.0,0.0
-0.5781999999999999,-0.0196,9.6726,-0.3306,0.9538,0.3838,113.0,1339.0,-158.0,30.96,1009.4924609375,31.33115529257861,0.0,0.0
-0.5684,-0.0294,9.6726,0.5092,0.627,-0.7942,110.0,1335.0,-156.0,30.97,1009.47984375,31.436519023124355,0.0,0.0
-0.5684,-0.0294,9.6726,-0.0646,-0.8284,0.8588,111.0,1333.0,-157.0,30.97,1009.5001953125,31.26656752671063,0.0,0.0
-0.5684,-0.0294,9.6726,-0.874,-0.0304,0.4104,111.0,1333.0,-158.0,30.97,1009.5076171875,31.204589744256463,0.0,0.0
-0.5781999999999999,-0.0294,9.662799999999999,-0.1862,-0.171,-0.8474,115.0,1338.0,-153.0,30.97,1009.4834375,31.40650819250941,0.0,0.0
-0.5684,-0.0196,9.653,-0.1444,-0.3458,-0.3876,113.0,1331.0,-154.0,30.97,1009.476640625,31.463267879852136,0.0,0.0
-0.5781999999999999,-0.0294,9.662799999999999,-0.323,0.1064,0.0456,116.0,1336.0,-159.0,30.97,1009.473046875,31.436519023124355,0.0,0.0
-0.5781999999999999,-0.0294,9.653,0.114,0.1254,0.095,116.0,1335.0,-159.0,30.97,1009.47984375,31.436519023124355,0.0,0.0
-0.5684,-0.0196,9.662799999999999,-0.1406,-0.0152,0.1938,116.0,1336.0,-155.0,30.97,1009.466953125,31.54416727939381,0.0,0.0
-0.5781999999999999,-0.0196,9.6726,-0.798,0.3952,0.4522,113.0,1333.0,-154.0,30.98,1009.488203125,31.366711354892107,0.0,0.0
-0.5684,-0.0294,9.6726,-0.0152,-0.2014,0.2508,113.0,1333.0,-154.0,30.97,1009.4940234375,31.487733357760693,0.0,0.0
-0.5684,-0.0196,9.6726,0.0,0.3914,0.2394,115.0,1331.0,-151.0,30.98,1009.512421875,31.164467481825472,0.0,0.0
-0.5684,-0.0196,9.662799999999999,-0.0114,-0.076,-0.0456,115.0,1332.0,-151.0,30.98,1009.47171875,31.504369915576728,0.0,0.0
-0.5684,-0.0196,9.662799999999999,-0.1824,-0.3382,-0.1976,115.0,1333.0,-155.0,30.98,1009.5026953125,31.245690758779634,0.0,0.0
-0.5684,-0.0196,9.662799999999999,-0.1444,-0.0646,-0.7828,108.0,1333.0,-155.0,30.99,1009.5101171875,31.18371310060618,0.0,0.0
-0.5684,-0.0294,9.6726,0.3002,0.3078,-0.456,113.0,1334.0,-161.0,30.99,1009.516875,31.127281132752316,0.0,0.0
-0.5684,-0.0196,9.662799999999999,-0.931,-0.7182,0.8132,112.0,1335.0,-156.0,30.99,1009.5033203125,31.240471573337715,0.0,0.0
-0.5684,-0.0294,9.662799999999999,-0.1102,-0.3648,-0.4522,112.0,1332.0,-155.0,30.99,1009.499453125,31.61201887340816,0.0,0.0
-0.5781999999999999,-0.0294,9.653,-0.7448,-0.627,-0.475,113.0,1333.0,-155.0,30.99,1009.513046875,31.159248337100106,0.0,0.0
-0.5781999999999999,-0.0294,9.6726,-0.1368,-0.0798,-0.1292,112.0,1336.0,-156.0,30.99,1009.5107421875,31.17849394623444,0.0,0.0
-0.5684,-0.0196,9.662799999999999,-0.3952,0.418,-0.6232,114.0,1335.0,-156.0,30.99,1009.4665234375,31.547755573775124,0.0,0.0
-0.5684,-0.0294,9.662799999999999,-0.5624,0.6574,0.8474,114.0,1335.0,-156.0,30.99,1009.493671875,31.321043040151554,0.0,0.0
-0.5781999999999999,-0.0196,9.6726,-0.0722,-0.1254,-0.2698,112.0,1336.0,-155.0,31.0,1009.494296875,31.315823816936213,0.0,0.0
-0.5684,-0.0294,9.653,-0.3268,0.1862,0.1596,111.0,1332.0,-156.0,31.0,1009.5078515625,31.202632557137544,0.0,0.0
-0.5684,-0.0196,9.6726,-1.3072,-0.5624,0.7638,109.0,1333.0,-160.0,30.99,1009.4904296875,31.348117802574542,0.0,0.0
-0.5684,-0.0294,9.662799999999999,0.3154,0.6612,-0.7144,119.0,1336.0,-157.0,30.99,1009.483671875,31.404550967430048,0.0,0.0
-0.5684,-0.0294,9.662799999999999,-0.6498,-0.0836,0.6954,110.0,1338.0,-153.0,30.99,1009.476875,31.461310644102703,0.0,0.0
-0.5684,-0.0196,9.662799999999999,-0.3192,-0.5434,-0.1292,108.0,1330.0,-154.0,30.99,1009.4701171875,31.5177444225118,0.0,0.0
-0.5684,-0.0196,9.6726,-0.2166,0.1178,0.3724,117.0,1335.0,-157.0,31.0,1009.4642578125,31.566675691855703,0.0,0.0
-0.5781999999999999,-0.0196,9.662799999999999,-0.152,-0.4674,-1.0336,116.0,1334.0,-157.0,31.0,1009.5019921875,31.25156234552702,0.0,0.0
-0.5684,-0.0196,9.6726,0.3078,0.038,0.2356,114.0,1338.0,-155.0,31.01,1009.4826171875,31.413358483181092,0.0,0.0
-0.5684,-0.0196,9.6726,0.3078,0.038,0.2356,114.0,1338.0,-155.0,31.0,1009.5087890625,31.1948038123334,0.0,0.0
-0.5684,-0.0294,9.662799999999999,-0.2014,0.437,-1.0412,112.0,1337.0,-152.0,31.0,1009.5087890625,31.1948038123334,0.0,0.0
-0.5684,-0.0294,9.6726,-0.1178,0.2812,-0.3154,114.0,1333.0,-154.0,31.0,1009.5194140625,31.106078449317327,0.0,0.0
-0.5781999999999999,-0.0196,9.662799999999999,0.057,0.3496,0.0798,115.0,1337.0,-159.0,31.01,1009.496171875,31.300166162990152,0.0,0.0
-0.5684,-0.0294,9.662799999999999,-1.2046,-0.437,-0.0532,116.0,1336.0,-160.0,31.01,1009.496171875,31.300166162990152,0.0,0.0
-0.5684,-0.0196,9.662799999999999,-0.2584,0.1938,-0.2128,111.0,1334.0,-157.0,31.01,1009.4826171875,31.413358483181092,0.0,0.0
-0.5684,-0.0294,9.6726,0.152,1.1932,-0.1482,113.0,1338.0,-151.0,31.01,1009.4623046875,31.582986166074786,0.0,0.0
-0.5684,-0.0294,9.662799999999999,-0.8436,-0.5776,0.133,114.0,1336.0,-152.0,31.01,1009.4623046875,31.582986166074786,0.0,0.0
-0.5684,-0.0196,9.662799999999999,-0.0722,-0.4446,-0.4104,115.0,1337.0,-154.0,31.02,1009.5080859375,31.200675370382825,0.0,0.0
-0.5684,-0.0196,9.6726,-0.3002,0.3002,-0.0646,114.0,1335.0,-153.0,31.02,1009.501328125,31.25710773605605,0.0,0.0
-0.5781999999999999,-0.0196,9.662799999999999,-0.3078,0.0076,0.1254,115.0,1341.0,-155.0,31.02,1009.501328125,31.25710773605605,0.0,0.0
-0.5781999999999999,-0.0294,9.662799999999999,-0.1596,0.1444,-0.1558,109.0,1335.0,-155.0,31.02,1009.5148828125,31.143917114606086,0.0,0.0
-0.5684,-0.0294,9.6726,1.1856,0.4598,-0.9234,120.0,1337.0,-158.0,31.02,1009.502265625,31.24927895028927,0.0,0.0
-0.5684,-0.0098,9.662799999999999,0.2622,-0.019,0.1748,113.0,1337.0,-155.0,31.02,1009.511953125,31.168381842085914,0.0,0.0
-0.5781999999999999,-0.0196,9.662799999999999,-0.4864,0.2964,-0.1064,113.0,1332.0,-156.0,31.03,1009.4790234375,31.443369333546492,0.0,0.0
-0.5684,-0.0294,9.662799999999999,-0.1482,0.4788,-0.152,112.0,1336.0,-153.0,31.03,1009.49640625,31.298208957902403,0.0,0.0
-0.5684,-0.0294,9.6726,0.361,0.8474,-0.5472,113.0,1335.0,-154.0,31.03,1009.520625,31.095966415503653,0.0,0.0
-0.5781999999999999,-0.0294,9.662799999999999,-0.8398,-0.3838,0.2356,117.0,1336.0,-158.0,31.04,1009.528046875,31.033989648615655,0.0,0.0
-0.5684,-0.0196,9.6726,0.2318,0.6194,-0.5966,109.0,1331.0,-154.0,31.03,1009.4973828125,31.3468129931324,0.0,0.0
-0.5684,-0.0196,9.6726,-0.0722,0.8208,1.102,114.0,1333.0,-150.0,31.03,1009.5380078125,30.950810883421358,0.0,0.0
-0.5684,-0.0196,9.6726,-0.0722,0.8208,1.102,114.0,1333.0,-150.0,31.02,1009.49546875,31.306037780463203,0.0,0.0
-0.5684,-0.0294,9.6726,-0.285,-0.2508,0.6498,112.0,1334.0,-156.0,31.03,1009.4722265625,31.50012922184383,0.0,0.0
-0.5684,-0.0196,9.662799999999999,-0.2508,0.1748,0.4978,114.0,1332.0,-161.0,31.03,1009.4722265625,31.50012922184383,0.0,0.0
-0.5781999999999999,-0.0098,9.662799999999999,0.2584,0.0494,-0.3648,113.0,1338.0,-157.0,31.03,1009.4799609375,31.435540407720293,0.0,0.0
-0.5781999999999999,-0.0196,9.6726,0.0342,-0.5358,-0.1102,115.0,1333.0,-151.0,31.03,1009.513828125,31.15272440987354,0.0,0.0
-0.5684,-0.0196,9.662799999999999,-0.1634,-0.5054,0.228,112.0,1332.0,-150.0,31.03,1009.4905859375,31.3468129931324,0.0,0.0
-0.5684,-0.0196,9.6726,0.5168,0.665,-0.2052,115.0,1332.0,-152.0,31.04,1009.5076953125,31.14750527103935,0.0,0.0
-0.5781999999999999,-0.0294,9.662799999999999,-0.2698,-0.9652,0.684,117.0,1334.0,-152.0,31.03,1009.513828125,31.15272440987354,0.0,0.0
-0.5781999999999999,-0.0294,9.662799999999999,0.2242,-0.0342,-0.095,115.0,1333.0,-153.0,31.04,1009.4805859375,31.43032112710411,0.0,0.0
-0.5684,-0.0196,9.662799999999999,0.3496,0.247,-0.6422,117.0,1332.0,-157.0,31.04,1009.5251171875,31.058454117784326,0.0,0.0
-0.5781999999999999,-0.0294,9.662799999999999,-0.646,0.2166,0.1064,112.0,1330.0,-155.0,31.04,1009.5076953125,31.203937348512426,0.0,0.0
-0.5684,-0.0196,9.662799999999999,-0.646,0.2166,0.1064,112.0,1330.0,-155.0,31.04,1009.531875,31.002022828857914,0.0,0.0
-0.5684,-0.0196,9.662799999999999,-0.057,-0.4446,-0.0228,114.0,1340.0,-162.0,31.04,1009.531875,31.002022828857914,0.0,0.0
-0.5781999999999999,-0.0196,9.662799999999999,-0.2698,0.057,0.475,115.0,1337.0,-155.0,31.04,1009.498671875,31.27928932769204,0.0,0.0
-0.5684,-0.0294,9.662799999999999,-0.0646,-0.1482,-0.1178,112.0,1333.0,-158.0,31.04,1009.5151171875,31.141959938890558,0.0,0.0
-0.5781999999999999,-0.0196,9.662799999999999,-0.304,-0.5054,-0.912,115.0,1333.0,-154.0,31.04,1009.498671875,31.27928932769204,0.0,0.0
-0.5684,-0.0196,9.6726,-0.228,0.1216,-0.152,115.0,1333.0,-156.0,31.05,1009.51609375,31.13380504403776,0.0,0.0
-0.5684,-0.0196,9.6824,-0.4104,-0.4864,0.1672,113.0,1337.0,-156.0,31.05,1009.520859375,31.09400924879961,0.0,0.0
-0.5781999999999999,-0.0196,9.662799999999999,-0.0456,0.513,-0.4294,116.0,1335.0,-158.0,31.06,1009.5285546875,31.029749146466607,0.0,0.0
-0.5781999999999999,-0.0294,9.662799999999999,0.3344,0.2584,-0.8702,117.0,1336.0,-157.0,31.06,1009.5053125,31.223835437205963,0.0,0.0
-0.5781999999999999,-0.0294,9.6726,-0.3952,-0.361,1.273,112.0,1332.0,-151.0,31.06,1009.5353515625,30.972991822495008,0.0,0.0
-0.5781999999999999,-0.0294,9.662799999999999,-0.4142,0.6042,0.418,113.0,1334.0,-156.0,31.06,1009.5082421875,31.199370579421362,0.0,0.0
-0.5781999999999999,-0.0294,9.6726,-0.4142,0.6042,0.418,113.0,1334.0,-156.0,31.06,1009.555703125,30.803047892307134,0.0,0.0
-0.5781999999999999,-0.0294,9.6726,-0.1216,0.4408,-0.7676,111.0,1336.0,-156.0,31.06,1009.555703125,30.803047892307134,0.0,0.0
-0.5684,-0.0196,9.6726,-0.0228,-0.342,0.4332,118.0,1334.0,-156.0,31.07,1009.5734375,30.65496081760398,0.0,0.0
-0.5684,-0.0196,9.662799999999999,-0.2508,0.2242,-0.361,113.0,1331.0,-157.0,31.07,1009.553125,30.82457614460667,0.0,0.0
-0.5684,-0.0196,9.6726,-0.6346,0.0038,0.1026,117.0,1334.0,-156.0,31.07,1009.5463671875,30.88100647175036,0.0,0.0
-0.5684,-0.0196,9.662799999999999,-0.3192,-0.3952,0.057,111.0,1337.0,-156.0,31.07,1009.5598828125,30.76814612331697,0.0,0.0
-0.5684,-0.0294,9.6726,0.1634,0.3268,0.2508,114.0,1333.0,-157.0,31.07,1009.5501953125,30.849040121711905,0.0,0.0
-0.5684,-0.0294,9.6726,0.3572,-0.2318,-0.9044,114.0,1332.0,-156.0,31.07,1009.5405078125,30.9863656468311,0.0,0.0
-0.5781999999999999,-0.0196,9.6726,-0.1254,-0.4218,0.3952,111.0,1332.0,-156.0,31.07,1009.536640625,30.962227537337586,0.0,0.0
-0.5684,-0.0294,9.6726,-0.6004,-0.4674,-0.6422,108.0,1335.0,-162.0,31.07,1009.5405078125,30.929934748631997,0.0,0.0
-0.5684,-0.0196,9.662799999999999,-0.6156,-0.456,0.4902,111.0,1337.0,-158.0,31.07,1009.5540625,30.816747684075217,0.0,0.0
-0.5684,-0.0196,9.662799999999999,-0.6156,-0.456,0.4902,111.0,1337.0,-158.0,31.07,1009.5579296875,30.784455346598392,0.0,0.0
-0.5684,-0.0196,9.662799999999999,-0.2508,0.0874,0.2546,112.0,1335.0,-151.0,31.07,1009.5579296875,30.784455346598392,0.0,0.0
-0.5781999999999999,-0.0294,9.662799999999999,0.0152,0.0418,0.494,115.0,1330.0,-152.0,31.08,1009.5549609375,30.80924541492417,0.0,0.0
-0.5684,-0.0294,9.662799999999999,0.6346,0.4142,-0.1786,117.0,1332.0,-152.0,31.08,1009.528828125,31.02746579987414,0.0,0.0
-0.5684,-0.0294,9.662799999999999,-0.3914,-0.304,-0.3496,115.0,1335.0,-151.0,31.09,1009.5671875,30.707149854681923,0.0,0.0
-0.5684,-0.0294,9.6726,0.494,-1.0336,0.3344,109.0,1329.0,-154.0,31.09,1009.5401171875,30.933196641932575,0.0,0.0
-0.5684,-0.0294,9.6726,-1.083,-0.3192,0.2394,112.0,1332.0,-156.0,31.09,1009.5430078125,30.90905865570592,0.0,0.0
-0.5684,-0.0196,9.662799999999999,-0.0418,-0.0418,-0.323,117.0,1336.0,-154.0,31.09,1009.5430078125,30.90905865570592,0.0,0.0
-0.5684,-0.0294,9.662799999999999,-0.418,-0.5244,0.4674,109.0,1333.0,-162.0,31.09,1009.5430078125,30.90905865570592,0.0,0.0
-0.5684,-0.0196,9.662799999999999,0.1444,0.0038,-0.3914,113.0,1335.0,-155.0,31.09,1009.5536328125,30.820335727754195,0.0,0.0
-0.5684,-0.0196,9.662799999999999,0.1444,0.0038,-0.3914,113.0,1335.0,-155.0,31.09,1009.58140625,30.58842017473939,0.0,0.0
-0.5684,-0.0196,9.662799999999999,0.0038,-0.6916,-0.5928,114.0,1332.0,-154.0,31.09,1009.58140625,30.58842017473939,0.0,0.0
-0.5684,-0.0294,9.6726,0.0646,0.1178,-0.1368,118.0,1336.0,-153.0,31.09,1009.554296875,30.814790569860236,0.0,0.0
-0.5781999999999999,-0.0294,9.6726,-0.2964,-0.6764,0.9766,115.0,1338.0,-153.0,31.1,1009.5484375,30.863718535562686,0.0,0.0
-0.5781999999999999,-0.0294,9.6726,-0.9082,0.1938,-0.1596,114.0,1333.0,-151.0,31.1,1009.5426171875,30.912320542465668,0.0,0.0
-0.5684,-0.0294,9.662799999999999,-0.1102,-0.0266,-0.5586,118.0,1332.0,-152.0,31.1,1009.56296875,30.742377602596058,0.0,0.0
-0.588,-0.0294,9.662799999999999,0.0798,0.0494,-0.3154,114.0,1338.0,-155.0,31.11,1009.6148828125,30.30888888455342,0.0,0.0
-0.5684,-0.0294,9.6726,-0.0076,-0.1444,1.1096,115.0,1335.0,-155.0,31.11,1009.577421875,30.621690443013282,0.0,0.0
-0.5781999999999999,-0.0196,9.653,-0.3838,0.2166,-0.5928,114.0,1331.0,-157.0,31.11,1009.567421875,30.70519276106884,0.0,0.0
-0.5684,-0.0196,9.662799999999999,0.3952,1.1058,-1.0526,114.0,1334.0,-157.0,31.1,1009.5968359375,30.459580432997036,0.0,0.0
-0.5781999999999999,-0.0196,9.6824,-0.5016,-0.418,0.2166,114.0,1334.0,-157.0,31.11,1009.5335546875,30.987996602192656,0.0,0.0
-0.5781999999999999,-0.0196,9.6824,-0.5016,-0.418,0.2166,114.0,1331.0,-155.0,31.11,1009.5335546875,30.987996602192656,0.0,0.0
-0.5781999999999999,-0.0294,9.662799999999999,-0.4902,-0.1482,0.1976,110.0,1331.0,-151.0,31.1,1009.5290625,31.02550864604997,0.0,0.0
-0.5684,-0.0294,9.6726,-0.4636,-0.2318,0.4294,112.0,1333.0,-152.0,31.1,1009.56296875,30.742377602596058,0.0,0.0
-0.5684,-0.0294,9.662799999999999,-0.5282,-0.5814,0.9424,112.0,1333.0,-151.0,31.11,1009.546484375,30.88002790855975,0.0,0.0
-0.5684,-0.0294,9.6726,-0.3838,-0.0874,-0.3534,114.0,1333.0,-155.0,31.11,1009.547109375,30.874808906423517,0.0,0.0
-0.5781999999999999,-0.0196,9.6726,-0.399,-0.3078,-0.4484,114.0,1332.0,-155.0,31.11,1009.56453125,30.729330274657688,0.0,0.0
-0.5684,-0.0196,9.662799999999999,-0.8512,0.2128,-0.1672,114.0,1332.0,-158.0,31.11,1009.5577734375,30.785760085567876,0.0,0.0
-0.5781999999999999,-0.0196,9.662799999999999,-0.3458,0.4788,0.133,112.0,1335.0,-162.0,31.1,1009.5039453125,31.2352523905141,0.0,0.0
-0.5684,-0.0294,9.662799999999999,0.0798,-0.1824,-0.019,113.0,1331.0,-158.0,31.12,1009.558671875,30.77825783874129,0.0,0.0
-0.5781999999999999,-0.0196,9.653,0.2812,-0.3116,-0.6992,111.0,1335.0,-154.0,31.11,1009.5238671875,31.068892308797764,0.0,0.0
-0.5684,-0.0294,9.662799999999999,-0.3496,-0.3154,-0.5168,112.0,1332.0,-155.0,31.11,1009.530625,31.012460963292423,0.0,0.0
-0.5684,-0.0294,9.662799999999999,0.133,-1.045,0.5054,113.0,1332.0,-156.0,31.12,1009.56546875,30.72150188574071,0.0,0.0
-0.5684,-0.0196,9.662799999999999,-0.9006,-0.2698,0.3838,112.0,1331.0,-157.0,31.12,1009.54515625,30.891118296793895,0.0,0.0
-0.5684,-0.0196,9.6726,-0.5054,-1.1476,1.6378,110.0,1331.0,-157.0,31.12,1009.561640625,30.75346784420042,0.0,0.0
-0.5684,-0.0294,9.662799999999999,-0.2242,-0.361,0.2508,113.0,1332.0,-155.0,31.12,1009.5796484375,30.603098221166732,0.0,0.0
-0.5684,-0.0294,9.662799999999999,0.3686,0.3762,-0.304,112.0,1331.0,-156.0,31.12,1009.6096875,30.352269561301025,0.0,0.0
-0.5684,-0.0294,9.6726,0.0418,0.3648,-0.133,108.0,1332.0,-162.0,31.12,1009.5690625,30.691493116088033,0.0,0.0
-0.5684,-0.0294,9.662799999999999,0.1026,0.3838,-0.9348,116.0,1336.0,-155.0,31.13,1009.583515625,30.570806546341565,0.0,0.0
-0.5684,-0.0294,9.6726,-0.2774,-0.0266,0.0,117.0,1335.0,-157.0,31.13,1009.598046875,30.449469027063785,0.0,0.0
-0.5684,-0.0196,9.6726,-1.4174,0.3268,-0.2926,112.0,1333.0,-159.0,31.13,1009.6015625,30.42011338807093,0.0,0.0
-0.5684,-0.0294,9.662799999999999,-0.0152,0.228,-0.5244,116.0,1334.0,-154.0,31.14,1009.5860546875,30.54960499612404,0.0,0.0
-0.5684,-0.0294,9.6726,0.0874,-0.2014,0.6612,114.0,1331.0,-155.0,31.14,1009.6093359375,30.35520510234825,0.0,0.0
-0.5684,-0.0294,9.662799999999999,-0.304,0.4598,0.285,110.0,1334.0,-155.0,31.14,1009.5792578125,30.606360012073036,0.0,0.0
-0.5781999999999999,-0.0294,9.662799999999999,-0.2622,0.1254,-0.3572,113.0,1330.0,-153.0,31.14,1009.5957421875,30.4687133242127,0.0,0.0
-0.5781999999999999,-0.0196,9.662799999999999,-0.646,-0.532,0.0456,113.0,1330.0,-153.0,31.14,1009.599609375,30.436422066184655,0.0,0.0
-0.5781999999999999,-0.0196,9.662799999999999,-0.646,-0.532,0.0456,113.0,1330.0,-156.0,31.14,1009.599609375,30.436422066184655,0.0,0.0
-0.5781999999999999,-0.0294,9.662799999999999,-0.5434,-0.0532,0.5472,110.0,1336.0,-159.0,31.14,1009.5512109375,30.84055926980681,0.0,0.0
-0.5684,-0.0294,9.6726,-0.532,0.0798,0.2204,109.0,1330.0,-153.0,31.15,1009.6525,29.994792083520174,0.0,0.0
-0.5684,-0.0294,9.662799999999999,-0.2242,-0.076,0.1976,112.0,1329.0,-157.0,31.15,1009.6137890625,30.31802164358425,0.0,0.0
-0.5781999999999999,-0.0294,9.662799999999999,-0.3838,-0.3458,1.2236,114.0,1335.0,-156.0,31.15,1009.6409375,30.091335885982748,0.0,0.0
-0.5684,-0.0196,9.662799999999999,-0.1216,0.6422,-1.0184,115.0,1330.0,-156.0,31.15,1009.6137890625,30.31802164358425,0.0,0.0
-0.5684,-0.0294,9.662799999999999,-0.76,0.5662,-0.4902,111.0,1333.0,-157.0,31.15,1009.60703125,30.374449225262026,0.0,0.0
-0.5684,-0.0196,9.662799999999999,0.152,-0.3458,0.2052,115.0,1333.0,-158.0,31.16,1009.61921875,30.272684097221184,0.0,0.0
-0.5684,-0.0196,9.6726,-0.7258,-0.1634,0.9728,116.0,1328.0,-156.0,31.15,1009.601171875,30.42337512165022,0.0,0.0
-0.5684,-0.0294,9.6726,-0.2964,-0.0304,-0.7904,116.0,1334.0,-158.0,31.16,1009.6221484375,30.248221474353464,0.0,0.0
-0.5684,-0.0294,9.6726,-0.418,-0.1596,0.2204,112.0,1333.0,-154.0,31.16,1009.5746875,30.644523041581422,0.0,0.0
-0.5781999999999999,-0.0196,9.6726,-0.2128,0.9386,-0.5776,113.0,1331.0,-161.0,31.16,1009.623125,30.240067279497566,0.0,0.0
-0.5684,-0.0294,9.662799999999999,-0.7486,-0.4408,-0.4826,113.0,1332.0,-154.0,31.17,1009.5969140625,30.458928083929628,0.0,0.0
-0.5684,-0.0294,9.6726,-0.0684,-0.5016,0.1748,111.0,1331.0,-156.0,31.17,1009.603671875,30.40250004440351,0.0,0.0
-0.5781999999999999,-0.0294,9.6824,-0.5282,-0.8322,0.8056,114.0,1336.0,-155.0,31.17,1009.5975390625,30.45370929287178,0.0,0.0
-0.5781999999999999,-0.0294,9.6726,-0.0646,-0.2242,0.0304,116.0,1334.0,-156.0,31.17,1009.62171875,30.251809322107725,0.0,0.0
-0.5684,-0.0294,9.6726,-0.4218,0.0722,-0.7334,109.0,1335.0,-157.0,31.18,1009.6120703125,30.332373138250578,0.0,0.0
-0.5684,-0.0294,9.6726,-0.4978,0.0722,-0.0722,109.0,1335.0,-157.0,31.18,1009.6301171875,30.181683430920522,0.0,0.0
-0.5781999999999999,-0.0294,9.6726,0.0038,0.5928,-0.779,114.0,1333.0,-157.0,31.18,1009.623359375,30.23811027368616,0.0,0.0
-0.5781999999999999,-0.0196,9.6726,-0.4636,-0.342,0.3572,109.0,1334.0,-159.0,31.18,1009.6498046875,30.017297146643386,0.0,0.0
-0.5781999999999999,-0.0196,9.6726,-0.1596,-0.2508,1.1058,109.0,1334.0,-159.0,31.19,1009.644609375,30.060676608464817,0.0,0.0
-0.5684,-0.0196,9.6726,-0.1444,0.209,-0.2926,111.0,1333.0,-152.0,31.19,1009.6339453125,30.14971922792837,0.0,0.0
-0.5684,-0.0294,9.6726,-0.1444,0.209,-0.2926,111.0,1333.0,-152.0,31.19,1009.654296875,29.97978873513259,0.0,0.0
-0.5684,-0.0294,9.6726,0.2014,0.646,-0.2014,115.0,1335.0,-157.0,31.19,1009.654296875,29.97978873513259,0.0,0.0
-0.5684,-0.0294,9.662799999999999,-0.1102,-1.0412,1.0602,112.0,1332.0,-162.0,31.18,1009.6398046875,30.100794617480386,0.0,0.0
-0.5684,-0.0196,9.6726,-0.8588,-0.7182,0.5434,114.0,1333.0,-157.0,31.19,1009.6581640625,29.947498993455255,0.0,0.0
-0.5684,-0.0196,9.662799999999999,0.2888,0.19,-0.9234,114.0,1334.0,-160.0,31.19,1009.6175,30.287035529392803,0.0,0.0
-0.5684,-0.0294,9.662799999999999,-0.6916,-0.2128,0.7334,115.0,1333.0,-157.0,31.19,1009.6271875,30.206145897457947,0.0,0.0
-0.5781999999999999,-0.0294,9.6726,0.1748,-0.3762,0.057,110.0,1329.0,-161.0,31.19,1009.6310546875,30.17385545376585,0.0,0.0
-0.5684,-0.0196,9.662799999999999,-0.0114,0.0836,-0.3838,117.0,1333.0,-158.0,31.19,1009.655234375,29.97196090977048,0.0,0.0
-0.5781999999999999,-0.0294,9.662799999999999,-0.6118,-0.4978,0.6232,114.0,1335.0,-159.0,31.2,1009.666796875,29.875418214224236,0.0,0.0
-0.5781999999999999,-0.0294,9.6726,-1.0716,-0.076,0.6156,113.0,1336.0,-155.0,31.2,1009.6290625,30.1904899122556,0.0,0.0
-0.5684,-0.0294,9.6726,0.1672,0.1368,-1.0754,113.0,1336.0,-155.0,31.21,1009.6341796875,30.147762239096544,0.0,0.0
-0.5684,-0.0294,9.6726,0.1672,0.1368,-1.0754,116.0,1337.0,-161.0,31.21,1009.6341796875,30.147762239096544,0.0,0.0
-0.5684,-0.0294,9.6726,0.1216,-0.1216,-0.8056,116.0,1336.0,-156.0,31.21,1009.6680859375,29.864655063770606,0.0,0.0
-0.5684,-0.0294,9.6726,0.0418,-0.4636,0.0342,113.0,1335.0,-158.0,31.22,1009.672890625,29.824537964629446,0.0,0.0
-0.5684,-0.0196,9.6726,0.7334,-0.0608,0.437,111.0,1333.0,-156.0,31.21,1009.6584375,29.945215884198003,0.0,0.0
-0.5684,-0.0196,9.6726,-0.2774,-0.7828,-0.3002,113.0,1332.0,-159.0,31.21,1009.662265625,29.913252407164286,0.0,0.0
-0.5781999999999999,-0.0294,9.6726,-0.7106,-0.9652,0.9766,112.0,1333.0,-166.0,31.22,1009.6631640625,29.90575078901543,0.0,0.0
-0.5781999999999999,-0.0196,9.653,-1.0184,-0.399,0.703,115.0,1334.0,-157.0,31.22,1009.6708984375,29.671246407977634,0.0,0.0
-0.5781999999999999,-0.0294,9.6726,-0.1634,0.7524,-0.133,113.0,1336.0,-155.0,31.22,1009.64671875,30.043063872848617,0.0,0.0
-0.5684,-0.0294,9.662799999999999,0.2052,0.0114,-0.4484,112.0,1335.0,-157.0,31.22,1009.6225,30.245285963470838,0.0,0.0
-0.5684,-0.0294,9.662799999999999,0.057,-0.513,0.133,113.0,1332.0,-153.0,31.22,1009.6428515625,30.07535391090583,0.0,0.0
-0.5684,-0.0294,9.662799999999999,0.057,-0.513,0.133,113.0,1332.0,-153.0,31.22,1009.6428515625,30.07535391090583,0.0,0.0
-0.5781999999999999,-0.0294,9.6726,-0.5054,-0.6346,0.4104,116.0,1335.0,-150.0,31.21,1009.6419140625,30.083181813999985,0.0,0.0
-0.5781999999999999,-0.0196,9.662799999999999,-0.2584,-0.2926,-0.7638,114.0,1338.0,-156.0,31.21,1009.6351171875,30.139934287445698,0.0,0.0
-0.5684,-0.0294,9.6726,-0.4598,-0.4902,0.1824,107.0,1332.0,-157.0,31.22,1009.673828125,29.816710255993367,0.0,0.0
-0.5586,-0.0196,9.6726,0.0798,0.2242,0.0532,116.0,1334.0,-159.0,31.22,1009.6903125,29.679074007250428,0.0,0.0
-0.5781999999999999,-0.0196,9.653,0.57,0.8816,-0.513,112.0,1332.0,-156.0,31.23,1009.653828125,29.98370265001607,0.0,0.0
-0.5684,-0.0196,9.6726,-0.6042,-0.4142,1.0374,111.0,1336.0,-166.0,31.22,1009.6437890625,30.06752601369793,0.0,0.0
-0.5781999999999999,-0.0196,9.653,-0.3724,0.1786,0.532,115.0,1337.0,-156.0,31.23,1009.645078125,30.056762664642218,0.0,0.0
-0.5781999999999999,-0.0294,9.662799999999999,-0.1444,0.1292,0.6194,112.0,1334.0,-159.0,31.23,1009.6925390625,29.660483468582697,0.0,0.0
-0.5684,-0.0196,9.6726,-0.8132,-0.95,2.2458,111.0,1334.0,-155.0,31.23,1009.7060546875,29.547636349637465,0.0,0.0
-0.5684,-0.0196,9.6726,0.1938,0.1634,0.2432,111.0,1334.0,-155.0,31.24,1009.6866796875,29.709406010031408,0.0,0.0
-0.5781999999999999,-0.0196,9.6726,-0.0418,0.1558,1.3414,109.0,1330.0,-156.0,31.24,1009.6837890625,29.73354121515963,0.0,0.0
-0.5684,-0.0294,9.6726,-0.6384,-0.3306,0.7942,112.0,1335.0,-154.0,31.24,1009.656640625,29.960219182768963,0.0,0.0
-0.5684,-0.0196,9.662799999999999,0.6004,0.4028,-0.9082,112.0,1335.0,-154.0,31.24,1009.6828125,29.741695013318296,0.0,0.0
-0.5781999999999999,-0.0294,9.662799999999999,-0.418,-0.0912,0.1026,116.0,1337.0,-159.0,31.24,1009.625703125,30.218540235775322,0.0,0.0
-0.5781999999999999,-0.0294,9.662799999999999,0.4218,0.7296,0.2204,114.0,1334.0,-156.0,31.25,1009.691484375,29.66928950907855,0.0,0.0
-0.5684,-0.0196,9.6726,-0.4484,-0.8322,0.76,110.0,1333.0,-156.0,31.24,1009.676953125,29.79061793636963,0.0,0.0
-0.5684,-0.0196,9.6726,-0.3154,-0.1862,0.1406,113.0,1337.0,-155.0,31.25,1009.6853515625,29.720495151383307,0.0,0.0
-0.5684,-0.0196,9.6726,-0.4902,-0.0038,0.5852,115.0,1335.0,-157.0,31.25,1009.716328125,29.461860311508218,0.0,0.0
-0.5684,-0.0294,9.6824,-0.4902,-0.152,-0.3002,117.0,1333.0,-160.0,31.25,1009.6688671875,29.858131947695696,0.0,0.0
-0.5684,-0.0294,9.662799999999999,0.494,0.0684,-0.3192,110.0,1331.0,-168.0,31.26,1009.6859765625,29.71527673045579,0.0,0.0
-0.5781999999999999,-0.0196,9.662799999999999,-0.1748,0.0266,0.9272,115.0,1336.0,-159.0,31.26,1009.662734375,29.909338518759117,0.0,0.0
-0.5781999999999999,-0.0196,9.6726,-0.646,-0.5472,0.9272,114.0,1335.0,-157.0,31.25,1009.6779296875,29.782464099896167,0.0,0.0
-0.5684,-0.0196,9.653,0.4636,-0.2356,0.0532,111.0,1334.0,-161.0,31.26,1009.68984375,29.68298780909909,0.0,0.0
-0.5684,-0.0294,9.6726,-0.703,-0.57,0.0684,112.0,1331.0,-159.0,31.26,1009.750859375,29.173553636417733,0.0,0.0
-0.5781999999999999,-0.0196,9.6726,0.1558,-0.1444,-0.5548,112.0,1331.0,-159.0,31.26,1009.731484375,29.335317484665484,0.0,0.0
-0.5684,-0.0294,9.662799999999999,-0.1596,0.0076,-0.1064,114.0,1336.0,-160.0,31.26,1009.70046875,29.594275328542924,0.0,0.0
-0.5781999999999999,-0.0294,9.6726,0.152,-0.1482,-0.893,110.0,1334.0,-159.0,31.26,1009.697578125,29.61841026678653,0.0,0.0
-0.5684,-0.0294,9.6726,-0.2736,0.38,0.0076,114.0,1335.0,-157.0,31.26,1009.7033984375,29.569814299570936,0.0,0.0
-0.5684,-0.0196,9.6726,-0.6726,0.7942,-1.4022,113.0,1334.0,-164.0,31.26,1009.683984375,29.7319104562937,0.0,0.0
-0.5781999999999999,-0.0294,9.6824,-0.0114,-0.0532,-0.4256,113.0,1334.0,-164.0,31.26,1009.6665625,29.877375151866307,0.0,0.0
-0.5781999999999999,-0.0294,9.6824,-0.0114,-0.0532,-0.4256,111.0,1336.0,-160.0,31.27,1009.7188671875,29.610908861069497,0.0,0.0
-0.5684,-0.0196,9.6726,-0.2166,-0.7068,-0.2432,115.0,1333.0,-161.0,31.27,1009.7188671875,29.610908861069497,0.0,0.0
-0.5684,-0.0196,9.662799999999999,-0.095,0.399,-0.5282,116.0,1338.0,-163.0,31.27,1009.7217578125,29.416526493138413,0.0,0.0
-0.5684,-0.0294,9.662799999999999,0.0456,0.1444,-0.722,109.0,1333.0,-168.0,31.27,1009.729453125,29.352276743346614,0.0,0.0
-0.5684,-0.0196,9.662799999999999,-0.3382,-0.3914,0.7676,115.0,1334.0,-157.0,31.28,1009.743671875,29.233562512694828,0.0,0.0
-0.5684,-0.0294,9.662799999999999,-0.3116,0.8512,-0.4902,114.0,1335.0,-156.0,31.27,1009.6923828125,29.6617880667053,0.0,0.0
-0.5781999999999999,-0.0196,9.662799999999999,-1.083,-0.969,1.0868,117.0,1334.0,-158.0,31.27,1009.665234375,29.888464472123964,0.0,0.0
-0.5684,-0.0294,9.6726,0.4104,0.9576,-0.1444,112.0,1341.0,-158.0,31.27,1009.6713671875,29.83725800372059,0.0,0.0
-0.5684,-0.0196,9.6726,-0.5168,-0.57,0.19,108.0,1334.0,-156.0,31.27,1009.7126953125,29.49219168149208,0.0,0.0
-0.5684,-0.0392,9.6726,-0.1976,0.2394,0.2014,110.0,1335.0,-162.0,31.27,1009.6955859375,29.635043837873983,0.0,0.0
-0.5684,-0.0196,9.662799999999999,-0.418,0.5092,-0.152,110.0,1335.0,-162.0,31.27,1009.6442578125,30.063612067296404,0.0,0.0
-0.5684,-0.0196,9.662799999999999,-0.418,0.5092,-0.152,115.0,1335.0,-163.0,31.27,1009.6442578125,30.063612067296404,0.0,0.0
-0.5684,-0.0196,9.662799999999999,0.0304,0.2128,0.1254,114.0,1331.0,-157.0,31.27,1009.7058984375,29.548940933620255,0.0,0.0
-0.5781999999999999,-0.0196,9.662799999999999,-0.1102,-1.4288,1.0678,115.0,1336.0,-162.0,31.27,1009.6923828125,29.6617880667053,0.0,0.0
-0.5781999999999999,-0.0294,9.662799999999999,-0.2052,-0.1216,0.2698,109.0,1337.0,-157.0,31.28,1009.6968359375,29.62460708428326,0.0,0.0
-0.5684,-0.0196,9.6726,0.5244,0.6042,-0.3762,112.0,1334.0,-156.0,31.28,1009.6729296875,29.824211809988928,0.0,0.0
-0.5684,-0.0294,9.6726,0.0342,0.5472,-0.0836,111.0,1337.0,-173.0,31.28,1009.7171875,29.45468516163495,0.0,0.0
-0.5684,-0.0196,9.6726,-0.5434,-0.9006,0.2052,114.0,1335.0,-156.0,31.29,1009.7045703125,29.560029904068948,0.0,0.0
-0.5781999999999999,-0.0294,9.6726,-0.2356,0.4446,-0.6688,110.0,1335.0,-157.0,31.28,1009.68328125,29.737781189406014,0.0,0.0
-0.5684,-0.0196,9.662799999999999,0.0988,0.0646,-0.4028,114.0,1336.0,-156.0,31.29,1009.7045703125,29.44685773105556,0.0,0.0
-0.5781999999999999,-0.0196,9.662799999999999,-0.551,1.0032,0.5662,115.0,1335.0,-159.0,31.28,1009.666796875,29.875418214224236,0.0,0.0
-0.5684,-0.0196,9.662799999999999,-0.551,1.0032,0.5662,115.0,1335.0,-159.0,31.28,1009.6765234375,29.794205626440153,0.0,0.0
-0.5684,-0.0196,9.662799999999999,0.4484,0.1672,0.1216,110.0,1340.0,-164.0,31.28,1009.6765234375,29.794205626440153,0.0,0.0
-0.5684,-0.0294,9.6726,0.0418,-0.2622,0.6726,112.0,1334.0,-161.0,31.29,1009.66390625,29.899553804188585,0.0,0.0
-0.5781999999999999,-0.0294,9.662799999999999,-0.095,-0.4408,0.2166,116.0,1331.0,-155.0,31.29,1009.709375,29.519913978660014,0.0,0.0
-0.5781999999999999,-0.0294,9.6726,-0.5966,-0.4598,0.5966,113.0,1334.0,-154.0,31.29,1009.6822265625,29.746587295275727,0.0,0.0
-0.5684,-0.0294,9.6726,0.5168,0.3876,-0.3306,114.0,1334.0,-169.0,31.29,1009.7229296875,29.406742241687276,0.0,0.0
-0.5684,-0.0196,9.662799999999999,-0.0532,-0.247,-0.8816,114.0,1335.0,-155.0,31.3,1009.692578125,29.660157319075424,0.0,0.0
-0.5684,-0.0196,9.662799999999999,-0.9386,0.2242,-0.0228,110.0,1340.0,-168.0,31.27,1009.6713671875,29.83725800372059,0.0,0.0
-0.5781999999999999,-0.0196,9.662799999999999,-0.1026,-0.0114,0.2242,110.0,1334.0,-160.0,31.29,1009.68515625,29.72212590846269,0.0,0.0
-0.5684,-0.0294,9.6726,-0.3192,0.2546,-0.0038,111.0,1336.0,-161.0,31.3,1009.699375,29.6034074607564,0.0,0.0
-0.5781999999999999,-0.0196,9.662799999999999,0.2014,-0.5054,-0.6802,115.0,1336.0,-165.0,31.3,1009.6896484375,29.68461856030206,0.0,0.0
-0.5781999999999999,-0.0294,9.6726,-0.3192,0.361,-0.0684,110.0,1334.0,-172.0,31.3,1009.682890625,29.74104270922956,0.0,0.0
-0.5684,-0.0294,9.6726,0.7334,0.7182,0.1558,114.0,1327.0,-157.0,31.31,1009.7154296875,29.46936160983553,0.0,0.0
-0.5684,-0.0294,9.6726,0.2128,0.8018,0.0266,111.0,1328.0,-155.0,31.31,1009.7260546875,29.3806509494416,0.0,0.0
-0.5684,-0.0294,9.6824,0.3724,0.4902,-0.8892,112.0,1333.0,-156.0,31.32,1009.71640625,29.461208024950288,0.0,0.0
-0.5781999999999999,-0.0294,9.662799999999999,0.2774,0.1368,-0.4332,112.0,1333.0,-156.0,31.32,1009.689921875,29.682335508686805,0.0,0.0
-0.5781999999999999,-0.0294,9.662799999999999,0.2774,0.1368,-0.4332,112.0,1335.0,-156.0,31.32,1009.689921875,29.682335508686805,0.0,0.0
-0.5684,-0.0294,9.6726,-0.418,-0.0456,0.5548,113.0,1337.0,-155.0,31.32,1009.719921875,29.43185517222357,0.0,0.0
-0.5684,-0.0294,9.662799999999999,-0.1178,0.1102,-0.551,113.0,1333.0,-157.0,31.32,1009.7334765625,29.31868439240723,0.0,0.0
-0.5684,-0.0196,9.662799999999999,-0.2128,0.2926,0.2812,109.0,1337.0,-164.0,31.32,1009.7034375,29.56948815290344,0.0,0.0
-0.5781999999999999,-0.0294,9.6824,-0.2318,0.0456,0.3268,112.0,1330.0,-162.0,31.32,1009.6724609375,29.82812566638881,0.0,0.0
-0.5684,-0.0196,9.6726,-0.1368,0.304,0.5662,113.0,1335.0,-156.0,31.27,1009.6177734375,30.2847523456813,0.0,0.0
-0.5684,-0.0294,9.662799999999999,0.323,0.7752,-0.9652,109.0,1329.0,-166.0,31.31,1009.6437890625,30.06752601369793,0.0,0.0
-0.5781999999999999,-0.0196,9.6726,0.0912,-0.019,-0.7562,113.0,1334.0,-159.0,31.31,1009.6650390625,29.890095255509397,0.0,0.0
-0.5781999999999999,-0.0196,9.653,0.1672,0.5358,-0.4332,110.0,1339.0,-164.0,31.3,1009.67703125,29.78996562921473,0.0,0.0
-0.5781999999999999,-0.0196,9.6726,0.2242,0.494,-0.5928,109.0,1330.0,-165.0,31.31,1009.6263671875,30.212995398387015,0.0,0.0
-0.5781999999999999,-0.0294,9.662799999999999,0.1026,0.4408,0.2812,112.0,1334.0,-157.0,31.31,1009.6534765625,29.98663808714824,0.0,0.0
-0.5586,-0.0294,9.6726,0.0646,0.437,-0.4028,114.0,1337.0,-159.0,31.31,1009.674765625,29.808882553238618,0.0,0.0
-0.7644,-0.0294,9.6922,-0.209,-0.475,-2.0976,110.0,1331.0,-156.0,31.32,1009.6928125,29.658200422263107,0.0,0.0
-0.7644,-0.0294,9.6922,-0.209,-0.475,-2.0976,110.0,1331.0,-156.0,31.32,1009.686015625,29.714950579230873,0.0,0.0
-0.7644,-0.0196,9.6922,0.0304,-1.7784,-1.216,114.0,1336.0,-159.0,31.32,1009.686015625,29.714950579230873,0.0,0.0
-0.49,-0.0294,9.662799999999999,-0.5776,2.1736,0.969,112.0,1335.0,-156.0,31.32,1009.6801953125,29.763547223872823,0.0,0.0
-0.6958,-0.0196,9.662799999999999,-1.064,-1.4098,0.076,114.0,1335.0,-154.0,31.32,1009.6491796875,30.02251571895497,0.0,0.0
-0.588,-0.0196,9.662799999999999,0.1368,-0.6194,-0.2052,112.0,1336.0,-154.0,31.33,1009.68203125,29.748218056444973,0.0,0.0
-0.5684,-0.0294,9.6726,-0.5168,-0.6308,-0.0912,116.0,1328.0,-158.0,31.33,1009.698515625,29.610582713117456,0.0,0.0
-0.5586,-0.0294,9.6726,-0.5548,0.0,-0.5244,117.0,1332.0,-156.0,31.34,1009.726953125,29.373149715026422,0.0,0.0
-0.5978,-0.0196,9.6726,0.4332,0.475,-0.6954,114.0,1335.0,-155.0,31.34,1009.693046875,29.656243525814986,0.0,0.0
-0.5978,-0.0294,9.6726,-0.3952,-0.2052,0.456,116.0,1333.0,-154.0,31.34,1009.726953125,29.373149715026422,0.0,0.0
-0.5781999999999999,0.0,9.662799999999999,-0.1368,-0.2508,-0.7942,116.0,1333.0,-157.0,31.34,1009.73078125,29.34118799415913,0.0,0.0
-0.41159999999999997,-0.0392,9.653,-0.4332,1.7214,0.4484,116.0,1333.0,-157.0,31.34,1009.692421875,29.661461917158654,0.0,0.0
-0.41159999999999997,-0.0392,9.653,-0.4332,1.7214,0.4484,114.0,1339.0,-159.0,31.34,1009.692421875,29.661461917158654,0.0,0.0
-0.6272,-0.0294,9.6726,-0.0152,-1.1362,-0.342,115.0,1338.0,-161.0,31.34,1009.747265625,29.20355803132232,0.0,0.0
-0.5292,-0.0392,9.6726,-0.0228,-0.6346,-0.3534,113.0,1338.0,-164.0,31.34,1009.69625,29.629499311226834,0.0,0.0
-0.539,-0.0294,9.662799999999999,-0.57,0.0152,-0.8474,113.0,1335.0,-155.0,31.25,1009.55359375,30.820661913607623,0.0,0.0
-0.5586,-0.0196,9.6726,-0.3458,0.4902,-0.0076,110.0,1333.0,-159.0,31.34,1009.6998046875,29.599819836433785,0.0,0.0
-0.6076,-0.0294,9.6726,-0.2432,0.0912,-0.2926,114.0,1332.0,-156.0,31.35,1009.6736328125,29.535242809960998,0.0,0.0
-0.588,-0.0196,9.6726,-0.4028,0.2242,0.5054,116.0,1338.0,-157.0,31.35,1009.7453125,29.219864803947708,0.0,0.0
-0.588,-0.0294,9.6726,-0.6118,-0.589,-0.114,110.0,1334.0,-156.0,31.35,1009.7326953125,29.32520717051951,0.0,0.0
-0.588,-0.0294,9.653,0.4902,0.1368,-0.5738,111.0,1328.0,-162.0,31.36,1009.7268359375,29.374128136597456,0.0,0.0
-0.588,-0.0294,9.662799999999999,-0.2774,-0.2964,0.7828,115.0,1332.0,-159.0,31.36,1009.7507421875,29.118110960287662,0.0,0.0
-0.588,-0.0196,9.662799999999999,-0.665,0.6422,-0.6574,114.0,1335.0,-155.0,31.36,1009.7507421875,29.174532039232478,0.0,0.0
-0.588,-0.0196,9.662799999999999,0.3762,0.513,-0.3876,109.0,1335.0,-156.0,31.36,1009.7100390625,29.51436951332147,0.0,0.0
-0.588,-0.0294,9.662799999999999,-0.038,-0.152,0.8094,114.0,1339.0,-157.0,31.36,1009.7371484375,29.288027390025647,0.0,0.0
-0.5978,-0.0294,9.6726,-0.2888,-0.0456,0.1102,116.0,1338.0,-163.0,31.36,1009.7297265625,29.349993764605767,0.0,0.0
-0.5781999999999999,-0.0294,9.6726,0.1938,0.4142,-0.418,112.0,1334.0,-168.0,31.36,1009.7132421875,29.487625663154574,0.0,0.0
-0.588,-0.0294,9.6726,0.0076,0.0532,-0.7106,112.0,1336.0,-156.0,31.37,1009.7581640625,29.11256670891649,0.0,0.0
-0.588,-0.0294,9.6726,-0.4142,-0.9158,1.1628,111.0,1332.0,-158.0,31.37,1009.731015625,29.33923115729213,0.0,0.0
-0.5781999999999999,-0.0294,9.6726,-0.0874,0.5776,-0.4978,109.0,1333.0,-155.0,31.37,1009.717421875,29.452728303442573,0.0,0.0
-0.5781999999999999,-0.0294,9.6726,-0.1596,0.7714,0.0684,111.0,1334.0,-160.0,31.38,1009.77359375,28.983745228781142,0.0,0.0
-0.6076,-0.0196,9.662799999999999,-0.3078,-0.5434,-0.3914,115.0,1334.0,-156.0,31.38,1009.777421875,28.95178470326675,0.0,0.0
-0.588,-0.0294,9.6824,-0.152,-0.456,0.2926,111.0,1331.0,-153.0,31.38,1009.78515625,28.887211695960023,0.0,0.0
-0.5781999999999999,-0.0294,9.662799999999999,0.2166,0.0304,-0.1482,112.0,1331.0,-157.0,31.38,1009.743515625,29.234867057324355,0.0,0.0
-0.588,-0.0294,9.6726,-0.3648,0.1216,0.6118,112.0,1337.0,-156.0,31.39,1009.7751171875,28.97102623238413,0.0,0.0
-0.588,-0.0294,9.6726,-0.3648,0.1216,0.6118,112.0,1337.0,-156.0,31.39,1009.7751171875,28.97102623238413,0.0,0.0
-0.6076,-0.0196,9.662799999999999,-0.4408,0.5282,-0.1216,111.0,1333.0,-155.0,31.39,1009.768359375,29.027446514292492,0.0,0.0
-0.6076,-0.0294,9.6726,0.1634,0.285,-1.2122,110.0,1334.0,-160.0,31.38,1009.77453125,28.97591815223839,0.0,0.0
-0.6076,-0.0196,9.6824,0.114,0.2584,0.0608,114.0,1332.0,-155.0,31.39,1009.792265625,28.82785706268271,0.0,0.0
-0.5978,-0.0294,9.6726,0.7296,0.3116,-0.2052,114.0,1333.0,-160.0,31.4,1009.8009375,28.755457913133633,0.0,0.0
-0.5684,-0.0294,9.662799999999999,-0.4332,0.6878,-0.228,111.0,1332.0,-160.0,31.4,1009.8018359375,28.74795712912039,0.0,0.0
-0.637,-0.0294,9.662799999999999,-0.456,-0.0494,0.6954,109.0,1334.0,-153.0,31.4,1009.78734375,28.868948695837847,0.0,0.0
-0.6076,0.1666,9.6726,-0.7372,-3.6784,0.494,113.0,1337.0,-156.0,31.4,1009.78734375,28.868948695837847,0.0,0.0
-0.3136,-0.0392,9.6432,-0.3002,2.5802,-0.0646,111.0,1335.0,-155.0,31.4,1009.8009375,28.755457913133633,0.0,0.0
-0.5095999999999999,-0.0294,9.6726,0.1824,0.6422,0.1482,109.0,1334.0,-156.0,31.4,1009.8115625,28.666753335087677,0.0,0.0
-0.5781999999999999,-0.0294,9.6726,0.0152,-3.2604,-1.4972,117.0,1337.0,-156.0,31.4,1009.7912109375,28.83666239899336,0.0,0.0
-0.3136,0.049,9.6432,0.2698,-0.4104,-1.178,116.0,1333.0,-155.0,31.4,1009.7573046875,29.00657423564549,0.0,0.0
-0.4606,-0.0294,9.662799999999999,-0.1406,2.4244,0.855,108.0,1332.0,-161.0,31.37,1009.749375,29.185946745570686,0.0,0.0
