MilliTime,Phase,Acc_x,Acc_y,Acc_z,Gyro_x,Gyro_y,Gyro_z,Mag_x,Mag_y,Mag_z,Temp,Pres,Alti,Lat,Lng,Distance,Azimuth,Angle,Direction
1709436755456,2.0,-10.4468,1.1172,-0.3332,-0.2698,-0.2166,0.1254,172.0,-226.0,159.0,22.4,1005.62,63.717826582438796,0.0,0.0,15413989.987274304,-132.7508685549752,-73.95905609506548,180
1709436755615,2.0,-10.4664,2.7929999999999997,-0.3822,-32.2886,-2.755,3.9216,167.0,-239.0,151.0,22.4,1005.51,63.63406118041883,38.262161666666664,140.85376333333335,67.06240365139021,-132.11962244715238,-167.58148633436593,180
1709436755761,2.0,-10.192,1.6758,-0.3626,-25.764,9.9788,-6.0724,168.0,-227.0,144.0,22.4,1005.63,64.13666370977722,38.262161666666664,140.85376333333335,67.06240365139021,-130.60129464500446,-167.58148633436593,180
1709436755931,2.0,-10.3194,1.666,-0.7252,-29.3512,22.5454,9.7812,159.0,-225.0,145.0,22.4,1005.57,64.22043315877039,38.262161666666664,140.85376333333335,67.06240365139021,-132.36324157385957,-167.58148633436593,180
1709436756111,2.0,-9.408,1.323,-0.588,-63.6728,16.4008,-9.2188,165.0,-221.0,135.0,22.4,1005.56,63.96912683534885,38.262161666666664,140.85376333333335,67.06240365139021,-129.28940686250036,-167.58148633436593,180
1709436756270,2.0,-10.633,1.3719999999999999,-0.588,-63.8704,12.6274,-4.9324,177.0,-241.0,117.0,22.4,1005.56,63.4665323997154,38.262161666666664,140.85376333333335,67.06240365139021,-123.46537934635529,-167.58148633436593,180
1709436756421,2.0,-10.7996,0.5095999999999999,-0.25479999999999997,10.4728,-2.394,-11.5292,172.0,-228.0,111.0,22.4,1005.62,63.4665323997154,38.262161666666664,140.85376333333335,67.06240365139021,-122.83612862657913,-167.58148633436593,180
1709436756579,2.0,-9.9176,1.4112,0.0098,-14.63,-7.3264,-6.0268,170.0,-222.0,112.0,22.4,1005.56,63.717826582438796,38.262161666666664,140.85376333333335,67.06240365139021,-123.37783203643042,-167.58148633436593,180
1709436756747,2.0,-9.5844,1.5091999999999999,-0.2646,-10.6514,23.2522,0.665,171.0,-228.0,107.0,22.4,1005.63,63.717826582438796,38.262161666666664,140.85376333333335,67.06240365139021,-122.03549133958074,-167.58148633436593,180
1709436756888,2.0,-9.7902,1.6758,-0.147,-27.1472,23.1268,15.6294,182.0,-225.0,105.0,22.4,1005.57,63.717826582438796,38.262161666666664,140.85376333333335,67.06240365139021,-119.98163936884933,-167.58148633436593,180
1709436757118,2.0,-9.8392,1.029,-0.10779999999999999,-47.3214,9.253,-2.812,194.0,-225.0,92.0,22.4,1005.62,63.63406118041883,38.262161666666664,140.85376333333335,67.06240365139021,-115.37156175309595,-167.58148633436593,180
1709436757295,2.0,-10.437,0.4704,-0.294,3.7278,-14.7706,19.6612,190.0,-222.0,86.0,22.4,1005.65,63.88535940989396,38.262161666666664,140.85376333333335,67.06240365139021,-114.35300917502963,-167.58148633436593,180
1709436757462,2.0,-10.3684,1.2544,-0.0294,-1.3794,0.6688,1.4478,186.0,-221.0,87.0,22.4,1005.66,63.88535940989396,38.262161666666664,140.85376333333335,67.06240365139021,-115.06746343806047,-167.58148633436593,180
1709436757618,2.0,-10.4468,1.2054,-0.1862,-0.5282,0.2318,2.185,187.0,-220.0,86.0,22.4,1005.65,63.717826582438796,38.262161666666664,140.85376333333335,67.06240365139021,-114.69737233764381,-167.58148633436593,180
1709436757780,2.0,-10.4566,1.2348,-0.1372,0.3268,-4.4004,3.515,185.0,-217.0,82.0,22.4,1005.68,63.717826582438796,38.262161666666664,140.85376333333335,67.06240365139021,-113.90499197479885,-167.58148633436593,180
1709436757937,2.0,-10.4958,1.2544,-0.147,2.2572,-2.7056,2.0596,187.0,-224.0,82.0,22.4,1005.6,63.96912683534885,38.262161666666664,140.85376333333335,67.06240365139021,-113.67757944069275,-167.58148633436593,180
1709436758083,2.0,-10.417399999999999,1.2544,-0.0784,1.4858,-0.9006,0.532,187.0,-219.0,82.0,22.4,1005.6,63.63406118041883,38.262161666666664,140.85376333333335,67.06240365139021,-113.67757944069275,-167.58148633436593,180
1709436758241,2.0,-10.3684,1.2446,-0.0686,-1.2768,1.083,-0.3534,189.0,-222.0,82.0,22.4,1005.62,63.88535940989396,38.262161666666664,140.85376333333335,67.06240365139021,-113.45421052358722,-167.58148633436593,180
1709436758403,2.0,-10.5938,1.3524,-0.20579999999999998,-3.4542,-11.8142,8.873,192.0,-221.0,84.0,22.4,1005.66,63.717826582438796,38.262161666666664,140.85376333333335,67.06240365139021,-113.62937773065681,-167.58148633436593,180
1709436758568,2.0,-9.799999999999999,4.1258,1.127,0.608,30.932,-96.938,195.0,-228.0,90.0,22.4,1005.54,63.382769021012244,38.262161666666664,140.85376333333335,67.06240365139021,-114.77514056883192,-167.58148633436593,180
1709436758726,2.0,-11.3288,0.833,-0.9114,-60.2604,11.4228,-13.889,197.0,-229.0,90.0,22.4,1005.62,63.96912683534885,38.262161666666664,140.85376333333335,67.06240365139021,-114.55342308342952,-167.58148633436593,180
1709436758904,2.0,-9.1728,0.4606,-0.6958,-25.7108,-11.2708,-9.1922,213.0,-229.0,80.0,22.4,1005.6,63.63406118041883,38.262161666666664,140.85376333333335,67.06240365139021,-110.58551835459343,-167.58148633436593,180
1709436759062,2.0,-10.1136,1.2249999999999999,-0.2646,-45.334,21.7284,6.6918,221.0,-222.0,76.0,22.4,1005.54,63.63406118041883,38.262161666666664,140.85376333333335,67.06240365139021,-108.97765310176015,-167.58148633436593,180
1709436759227,2.0,-10.4664,1.078,-0.8917999999999999,-30.1948,10.2068,-5.0008,229.0,-225.0,79.0,22.4,1005.6,64.38797408038852,38.262161666666664,140.85376333333335,67.06240365139021,-109.03331641021936,-167.58148633436593,180
1709436759395,2.0,-10.2606,1.421,-0.4606,-44.2472,3.629,-1.2692,231.0,-221.0,75.0,22.4,1005.59,63.88535940989396,38.262161666666664,140.85376333333335,67.06240365139021,-107.98733465206145,-167.58148633436593,180
1709436759565,2.0,-10.3096,0.8428,-0.2352,-48.2486,-0.7828,7.6988,244.0,-226.0,71.0,22.4,1005.62,63.63406118041883,38.262161666666664,140.85376333333335,67.06240365139021,-106.22412992667059,-167.58148633436593,180
1709436759719,2.0,-10.554599999999999,1.0486,-1.0682,-54.2374,-10.9136,1.0678,247.0,-229.0,68.0,22.4,1005.63,64.22043315877039,38.262161666666664,140.85376333333335,67.06240365139021,-105.39242431374659,-167.58148633436593,180
1709436759890,2.0,-10.535,1.0191999999999999,-0.5292,-52.82,13.1138,13.3646,261.0,-224.0,68.0,22.4,1005.66,64.13666370977722,38.262161666666664,140.85376333333335,67.06240365139021,-104.60299977941175,-167.58148633436593,180
1709436760045,2.0,-10.3684,1.0877999999999999,-0.9114,-41.6746,5.9204,-0.1748,277.0,-225.0,70.0,22.4,1005.59,63.215244286848915,38.262161666666664,140.85376333333335,67.06240365139021,-104.18215770132348,-167.58148633436593,180
1709436760250,2.0,-10.8486,0.833,-0.5194,-43.8938,-16.701,0.4902,275.0,-228.0,74.0,22.4,1005.53,63.63406118041883,38.262161666666664,140.85376333333335,67.06240365139021,-105.06101609647861,-167.58148633436593,180
1709436760472,2.0,-10.2998,1.0976,-0.4018,-31.9466,8.7552,0.6764,287.0,-228.0,84.0,22.4,1005.62,63.88535940989396,38.262161666666664,140.85376333333335,67.06240365139021,-106.31385242626055,-167.58148633436593,180
1709436760635,2.0,-10.554599999999999,1.127,-0.7252,-52.1588,-18.05,-31.0498,296.0,-225.0,84.0,22.4,1005.57,63.96912683534885,38.262161666666664,140.85376333333335,67.06240365139021,-105.843082117687,-167.58148633436593,180
1709436760795,2.0,-10.9564,0.5488,-0.9603999999999999,-25.9312,-4.1762,-7.1706,307.0,-229.0,89.0,22.4,1005.59,63.88535940989396,38.262161666666664,140.85376333333335,67.06240365139021,-106.16699428701618,-167.58148633436593,180
1709436760942,2.0,-10.074399999999999,1.3034,-0.7252,-53.4926,6.4638,-5.5214,316.0,-221.0,92.0,22.4,1005.62,63.96912683534885,38.262161666666664,140.85376333333335,67.06240365139021,-106.2323506611562,-167.58148633436593,180
1709436761115,2.0,-10.1528,1.1662,-0.0588,-36.8828,-4.9742,20.9646,312.0,-235.0,99.0,22.4,1005.62,63.4665323997154,38.262161666666664,140.85376333333335,67.06240365139021,-107.60463333666401,-167.58148633436593,180
1709436761289,2.0,-10.907399999999999,1.078,-0.735,-20.653,20.9456,9.0972,320.0,-229.0,107.0,22.4,1005.62,63.96912683534885,38.262161666666664,140.85376333333335,67.06240365139021,-108.48864681986457,-167.58148633436593,180
1709436761476,2.0,-10.4076,0.9408,-1.0094,-52.2956,5.8862,-11.2024,330.0,-225.0,114.0,22.4,1005.62,63.88535940989396,38.262161666666664,140.85376333333335,67.06240365139021,-109.05770451012833,-167.58148633436593,180
1709436761600,2.0,-10.6134,0.4508,-1.1368,-40.6752,22.0172,2.6296,321.0,-227.0,130.0,22.4,1005.68,64.38797408038852,38.262161666666664,140.85376333333335,67.06240365139021,-112.04718075969969,-167.58148633436593,180
1709436761755,2.0,-10.633,1.0682,-1.2348,-50.0954,13.0416,19.1254,329.0,-236.0,131.0,22.4,1005.65,63.96912683534885,38.262161666666664,140.85376333333335,67.06240365139021,-111.71127461653349,-167.58148633436593,180
1709436761899,2.0,-10.29,0.784,-0.4214,-32.1898,-6.4752,-19.4902,323.0,-237.0,140.0,22.4,1005.56,64.13666370977722,38.262161666666664,140.85376333333335,67.06240365139021,-113.43367072180959,-167.58148633436593,180
1709436762050,2.0,-10.6722,1.3328,-0.4704,-39.8012,-22.0286,-11.9358,327.0,-229.0,144.0,22.4,1005.63,63.4665323997154,38.262161666666664,140.85376333333335,67.06240365139021,-113.76710770458158,-167.58148633436593,180
1709436762232,2.0,-10.5252,0.7545999999999999,-0.539,-46.1548,3.0666,-10.1688,317.0,-232.0,156.0,22.4,1005.63,64.13666370977722,38.262161666666664,140.85376333333335,67.06240365139021,-116.20242450311548,-167.58148633436593,180
1709436762418,2.0,-10.6722,0.6859999999999999,-0.5292,-51.4064,9.2796,7.353,326.0,-234.0,163.0,22.4,1005.65,63.88535940989396,38.262161666666664,140.85376333333335,67.06240365139021,-116.56505117707799,-167.58148633436593,180
1709436762577,2.0,-10.7114,0.7252,-0.539,-39.976,11.0808,-9.2796,318.0,-237.0,173.0,22.4,1005.65,63.382769021012244,38.262161666666664,140.85376333333335,67.06240365139021,-118.54730296809555,-167.58148633436593,180
1709436762754,2.0,-9.947,1.1466,-0.48019999999999996,-43.852,9.0022,-5.358,309.0,-226.0,186.0,22.4,1005.57,63.96912683534885,38.262161666666664,140.85376333333335,67.06240365139021,-121.04549082686314,-167.58148633436593,180
1709436762897,2.0,-10.4076,1.3818,-0.7153999999999999,-45.8888,1.1856,-2.9526,303.0,-238.0,187.0,22.4,1005.6,64.47174555303317,38.262161666666664,140.85376333333335,67.06240365139021,-121.68129621769785,-167.58148633436593,180
1709436763046,2.0,-10.633,0.9603999999999999,-0.8722,-31.673,12.004199999999999,10.4652,299.0,-231.0,196.0,22.4,1005.62,63.717826582438796,38.262161666666664,140.85376333333335,67.06240365139021,-123.24557854157217,-167.58148633436593,180
1709436763213,2.0,-10.9172,0.5978,-0.9016,-46.607,-11.704,11.9244,292.0,-237.0,196.0,22.4,1005.62,63.63406118041883,38.262161666666664,140.85376333333335,67.06240365139021,-123.87081071038881,-167.58148633436593,180
1709436763344,2.0,-10.1528,0.9016,-0.6467999999999999,-33.7478,-8.1396,16.8036,274.0,-229.0,212.0,22.4,1005.65,64.13666370977722,38.262161666666664,140.85376333333335,67.06240365139021,-127.72993135462659,-167.58148633436593,180
1709436763471,2.0,-10.4566,1.4896,-0.294,-37.9696,0.3078,-30.8674,274.0,-229.0,205.0,22.4,1005.65,63.63406118041883,38.262161666666664,140.85376333333335,67.06240365139021,-126.80292423448475,-167.58148633436593,180
1709436763635,2.0,-9.868599999999999,1.2544,-0.6467999999999999,-23.332,3.116,-0.513,269.0,-229.0,207.0,22.4,1005.66,63.717826582438796,38.262161666666664,140.85376333333335,67.06240365139021,-127.5788840674294,-167.58148633436593,180
1709436763797,2.0,-10.280199999999999,1.2249999999999999,-0.8526,-31.8364,-20.9646,-2.7018,259.0,-230.0,210.0,22.4,1005.6,62.9639622435096,38.262161666666664,140.85376333333335,67.06240365139021,-129.03551289874687,-167.58148633436593,180
1709436763957,2.0,-10.7996,1.2838,-0.6958,-38.361,-9.7166,27.531,251.0,-228.0,223.0,22.4,1005.65,63.4665323997154,38.262161666666664,140.85376333333335,67.06240365139021,-131.61936773668282,-167.58148633436593,180
1709436764101,2.0,-10.2998,0.7742,-0.882,-52.9758,-18.6352,9.3214,242.0,-232.0,219.0,22.4,1005.71,63.382769021012244,38.262161666666664,140.85376333333335,67.06240365139021,-132.14379360319577,-167.58148633436593,180
1709436764263,2.0,-11.025,0.4606,-0.9506,-33.725,8.2156,6.783,233.0,-231.0,217.0,22.4,1005.59,63.63406118041883,38.262161666666664,140.85376333333335,67.06240365139021,-132.96367454520174,-167.58148633436593,180
1709436764372,2.0,-10.7408,0.6664,-0.8526,-25.8438,0.6764,-9.4848,231.0,-233.0,211.0,22.4,1005.69,63.63406118041883,38.262161666666664,140.85376333333335,67.06240365139021,-132.40919801480487,-167.58148633436593,180
1709436764539,2.0,-9.9666,1.8032,-0.3822,-31.2816,-1.2046,-10.4804,230.0,-251.0,219.0,22.4,1005.66,63.63406118041883,38.262161666666664,140.85376333333335,67.06240365139021,-133.5965979326072,-167.58148633436593,180
1709436764715,2.0,-10.2312,1.1368,-0.43119999999999997,-40.698,6.3764,-13.585,208.0,-234.0,218.0,22.4,1005.63,63.382769021012244,38.262161666666664,140.85376333333335,67.06240365139021,-136.34472438870233,-167.58148633436593,180
1709436764882,2.0,-10.2508,0.9506,-0.49979999999999997,-27.2878,-0.4712,3.5454,201.0,-226.0,205.0,22.4,1005.65,63.717826582438796,38.262161666666664,140.85376333333335,67.06240365139021,-135.56447217530695,-167.58148633436593,180
1709436765024,2.0,-10.2704,1.2348,-0.5978,-49.1264,-2.2192,0.4712,208.0,-227.0,209.0,22.4,1005.56,63.4665323997154,38.262161666666664,140.85376333333335,67.06240365139021,-135.1373996874853,-167.58148633436593,180
1709436765182,2.0,-10.1626,0.7938,-0.4704,-34.6826,1.7366,-5.6886,193.0,-222.0,202.0,22.4,1005.63,63.131482931359216,38.262161666666664,140.85376333333335,67.06240365139021,-136.30524761647732,-167.58148633436593,180
1709436765341,2.0,-10.0156,1.7346,-0.5978,-43.8368,2.5612,2.565,182.0,-238.0,198.0,22.4,1005.62,64.13666370977722,38.262161666666664,140.85376333333335,67.06240365139021,-137.41102974661123,-167.58148633436593,180
1709436765523,2.0,-10.2312,0.9995999999999999,-0.49,-38.7866,17.1152,1.1818,176.0,-229.0,191.0,22.4,1005.62,63.382769021012244,38.262161666666664,140.85376333333335,67.06240365139021,-137.3404866607368,-167.58148633436593,180
1709436765687,2.0,-9.937199999999999,1.4405999999999999,-0.3724,-32.8206,-10.26,16.5528,177.0,-226.0,186.0,22.4,1005.72,63.131482931359216,38.262161666666664,140.85376333333335,67.06240365139021,-136.42026554639904,-167.58148633436593,180
1709436765858,2.0,-10.8486,0.98,-0.49979999999999997,-35.7428,-8.6146,-2.5802,168.0,-227.0,181.0,22.4,1005.68,63.717826582438796,38.262161666666664,140.85376333333335,67.06240365139021,-137.13324047861462,-167.58148633436593,180
1709436765991,2.0,-10.4468,1.1466,-0.6958,-36.7954,-20.6188,-25.7754,167.0,-226.0,182.0,22.4,1005.62,63.63406118041883,38.262161666666664,140.85376333333335,67.06240365139021,-137.4610546505303,-167.58148633436593,180
1709436766159,2.0,-10.3096,1.0976,-0.10779999999999999,-54.8036,22.8684,21.5916,168.0,-230.0,163.0,22.4,1005.6,63.4665323997154,38.262161666666664,140.85376333333335,67.06240365139021,-134.13457066271945,-167.58148633436593,180
1709436766316,2.0,-10.4958,1.0584,-0.0196,-18.9582,2.4624,1.919,167.0,-232.0,158.0,22.4,1005.59,63.63406118041883,38.262161666666664,140.85376333333335,67.06240365139021,-133.41375303988013,-167.58148633436593,180
1709436766487,2.0,-10.8584,1.5091999999999999,-0.25479999999999997,-23.0508,-2.4852,4.8982,160.0,-228.0,154.0,22.4,1005.62,63.215244286848915,38.262161666666664,140.85376333333335,67.06240365139021,-133.90530940814696,-167.58148633436593,180
1709436766655,2.0,-10.554599999999999,1.0877999999999999,-0.7545999999999999,-40.413,-1.4782,5.6126,163.0,-225.0,151.0,22.4,1005.68,62.628928959980065,38.262161666666664,140.85376333333335,67.06240365139021,-132.81141743959677,-167.58148633436593,180
1709436766819,2.0,-10.3684,1.029,-0.7153999999999999,-33.1892,19.4674,14.7402,163.0,-231.0,147.0,22.4,1005.68,63.382769021012244,38.262161666666664,140.85376333333335,67.06240365139021,-132.0454201759403,-167.58148633436593,180
1709436767025,2.0,-10.897599999999999,0.8526,-0.4508,-44.6994,4.3206,5.1186,173.0,-226.0,133.0,22.4,1005.53,63.4665323997154,38.262161666666664,140.85376333333335,67.06240365139021,-127.55258314980483,-167.58148633436593,180
1709436767210,2.0,-10.2998,0.32339999999999997,-1.1662,-29.9858,-2.527,-0.0266,178.0,-226.0,120.0,22.4,1005.65,64.22043315877039,38.262161666666664,140.85376333333335,67.06240365139021,-123.98616710964859,-167.58148633436593,180
1709436767386,2.0,-10.4566,1.2935999999999999,-0.5292,-29.64,-6.7108,8.0028,172.0,-229.0,120.0,22.4,1005.63,64.13666370977722,38.262161666666664,140.85376333333335,67.06240365139021,-124.90249561592472,-167.58148633436593,180
1709436767531,2.0,-10.4664,0.9995999999999999,-0.49979999999999997,-51.6306,-1.2122,4.9818,183.0,-216.0,102.0,22.4,1005.62,63.215244286848915,38.262161666666664,140.85376333333335,67.06240365139021,-119.13429219722619,-167.58148633436593,180
1709436767688,2.0,-10.005799999999999,1.8521999999999998,0.5095999999999999,-18.088,53.371,33.022,187.0,-221.0,99.0,22.4,1005.62,63.63406118041883,38.262161666666664,140.85376333333335,67.06240365139021,-117.89727103094762,-167.58148633436593,180
1709436767876,2.0,-9.3688,0.2744,-1.0486,-38.9348,2.1014,-20.7936,189.0,-217.0,95.0,22.4,1005.66,63.717826582438796,38.262161666666664,140.85376333333335,67.06240365139021,-116.6861837228464,-167.58148633436593,180
1709436768071,2.0,-9.662799999999999,1.7738,0.0686,-60.2642,3.8836,16.7276,194.0,-217.0,80.0,22.4,1005.59,63.717826582438796,38.262161666666664,140.85376333333335,67.06240365139021,-112.40983737149327,-167.58148633436593,180
1709436768230,2.0,-9.4962,1.5777999999999999,0.5095999999999999,-24.4568,38.6726,-25.8818,200.0,-212.0,73.0,22.4,1005.71,63.382769021012244,38.262161666666664,140.85376333333335,67.06240365139021,-110.05208214609854,-167.58148633436593,180
1709436768384,2.0,-9.8098,2.2148,0.0882,-123.481,-32.433,-45.3568,219.0,-216.0,70.0,22.4,1005.63,63.131482931359216,38.262161666666664,140.85376333333335,67.06240365139021,-107.7256837949275,-167.58148633436593,180
1709436768534,2.0,-8.2418,0.98,1.029,-44.7564,35.0588,5.7646,242.0,-212.0,69.0,22.4,1005.63,63.63406118041883,38.262161666666664,140.85376333333335,67.06240365139021,-105.91412091521184,-167.58148633436593,180
1709436768697,2.0,-9.604,-0.5194,-1.3818,10.9402,-1.3946,-5.719,255.0,-219.0,69.0,22.4,1005.65,62.71268626937261,38.262161666666664,140.85376333333335,67.06240365139021,-105.1409838350769,-167.58148633436593,180
1709436768855,2.0,-10.4566,1.0094,0.0588,-21.0824,4.332,8.7704,247.0,-231.0,68.0,22.4,1005.59,63.63406118041883,38.262161666666664,140.85376333333335,67.06240365139021,-105.39242431374659,-167.58148633436593,180
1709436769002,2.0,-9.6334,1.911,0.0784,-21.3598,6.194,16.0436,254.0,-222.0,68.0,22.4,1005.63,64.13666370977722,38.262161666666664,140.85376333333335,67.06240365139021,-104.9875619710568,-167.58148633436593,180
1709436769160,2.0,-10.192,1.2152,0.2254,-28.6862,11.533,7.8584,251.0,-224.0,64.0,22.4,1005.68,63.131482931359216,38.262161666666664,140.85376333333335,67.06240365139021,-104.30448017634838,-167.58148633436593,180
1709436769309,2.0,-10.4762,1.4405999999999999,-0.7153999999999999,-56.3654,17.7802,-13.2088,255.0,-225.0,67.0,22.4,1005.74,62.71268626937261,38.262161666666664,140.85376333333335,67.06240365139021,-104.72144091497807,-167.58148633436593,180
1709436769462,2.0,-11.2798,-0.049,0.3724,-17.7308,-2.8766,-13.908,285.0,-223.0,70.0,22.4,1005.71,62.71268626937261,38.262161666666664,140.85376333333335,67.06240365139021,-103.79948539601936,-167.58148633436593,180
1709436769612,2.0,-10.3096,0.9898,-0.147,-26.2352,-5.757,14.1474,286.0,-230.0,76.0,22.4,1005.66,63.215244286848915,38.262161666666664,140.85376333333335,67.06240365139021,-104.88152970314054,-167.58148633436593,180
1709436769786,2.0,-10.005799999999999,1.029,-0.049,-35.2868,-11.4342,-12.4602,294.0,-226.0,73.0,22.4,1005.81,63.215244286848915,38.262161666666664,140.85376333333335,67.06240365139021,-103.94449690180568,-167.58148633436593,180
1709436769950,2.0,-10.1822,1.3719999999999999,-0.20579999999999998,-44.1332,29.2258,27.2308,297.0,-228.0,78.0,22.4,1005.72,62.628928959980065,38.262161666666664,140.85376333333335,67.06240365139021,-104.71507165059776,-167.58148633436593,180
1709436770118,2.0,-10.2606,1.1956,-0.9114,-29.3284,-6.8742,-7.7102,308.0,-231.0,82.0,22.4,1005.72,63.215244286848915,38.262161666666664,140.85376333333335,67.06240365139021,-104.90825801225529,-167.58148633436593,180
1709436770306,2.0,-10.682,0.9898,-0.49,-36.6624,1.729,1.0032,309.0,-228.0,87.0,22.4,1005.63,62.37766107759938,38.262161666666664,140.85376333333335,67.06240365139021,-105.72474572274743,-167.58148633436593,180
1709436770456,2.0,-9.7216,1.0094,-0.3332,-52.2462,-8.3752,3.7202,311.0,-231.0,97.0,22.4,1005.66,63.131482931359216,38.262161666666664,140.85376333333335,67.06240365139021,-107.32254920662422,-167.58148633436593,180
1709436770633,2.0,-10.5252,1.0584,-0.32339999999999997,-40.6942,5.4226,2.527,307.0,-228.0,103.0,22.5,1005.69,63.382769021012244,38.262161666666664,140.85376333333335,67.06240365139021,-108.54685449998821,-167.58148633436593,180
1709436770764,2.0,-10.005799999999999,1.0877999999999999,-0.1764,-47.6216,6.1598,-0.2166,323.0,-234.0,110.0,22.5,1005.66,63.131482931359216,38.262161666666664,140.85376333333335,67.06240365139021,-108.80664931416258,-167.58148633436593,180
1709436770905,2.0,-9.9862,0.48019999999999996,-0.5781999999999999,-23.5258,7.1895999999999995,-9.8762,329.0,-225.0,114.0,22.5,1005.68,62.9639622435096,38.262161666666664,140.85376333333335,67.06240365139021,-109.11143431081135,-167.58148633436593,180
1709436771080,2.0,-10.094,1.4504,-0.5978,-39.482,5.1034,11.1872,315.0,-225.0,122.0,22.5,1005.69,62.71268626937261,38.262161666666664,140.85376333333335,67.06240365139021,-111.17146478234741,-167.58148633436593,180
1709436771253,2.0,-10.348799999999999,1.0388,-0.6664,-23.9324,7.9952,-12.6046,324.0,-231.0,127.0,22.5,1005.75,62.9639622435096,38.262161666666664,140.85376333333335,67.06240365139021,-111.40395314371773,-167.58148633436593,180
1709436771397,2.0,-10.4958,1.2348,-0.9212,-45.125,-27.0864,28.4658,324.0,-240.0,136.0,22.5,1005.75,62.880202911125075,38.262161666666664,140.85376333333335,67.06240365139021,-112.77037890876221,-167.58148633436593,180
1709436771557,2.0,-10.8878,0.588,-0.8722,-42.3966,18.9354,-15.0366,322.0,-236.0,143.0,22.5,1005.75,63.215244286848915,38.262161666666664,140.85376333333335,67.06240365139021,-113.94597722301421,-167.58148633436593,180
1709436771692,2.0,-10.3292,0.9702,-0.7742,-46.2878,2.7778,-8.6944,323.0,-232.0,150.0,22.5,1005.66,62.9639622435096,38.262161666666664,140.85376333333335,67.06240365139021,-114.90998035797286,-167.58148633436593,180
1709436771872,2.0,-10.045,1.3034,-0.7742,-37.5554,6.6918,-4.7956,322.0,-228.0,163.0,22.5,1005.69,62.9639622435096,38.262161666666664,140.85376333333335,67.06240365139021,-116.84904280187304,-167.58148633436593,180
1709436772050,2.0,-10.1626,1.078,-0.833,-38.8512,-8.9528,20.558,317.0,-237.0,164.0,22.5,1005.69,62.71268626937261,38.262161666666664,140.85376333333335,67.06240365139021,-117.35479260658428,-167.58148633436593,180
1709436772234,2.0,-11.2602,1.0682,-1.0976,-35.91,13.357,11.609,316.0,-229.0,174.0,22.5,1005.6,63.382769021012244,38.262161666666664,140.85376333333335,67.06240365139021,-118.83862749327957,-167.58148633436593,180
1709436772436,2.0,-10.3684,1.2348,-0.7742,-36.3622,-7.0034,-4.731,301.0,-230.0,183.0,22.5,1005.68,62.46141636410822,38.262161666666664,140.85376333333335,67.06240365139021,-121.29848950765347,-167.58148633436593,180
1709436772580,2.0,-10.4566,0.5194,-0.0784,-60.0856,16.5794,0.5472,294.0,-236.0,186.0,22.5,1005.75,63.63406118041883,38.262161666666664,140.85376333333335,67.06240365139021,-122.31961650818019,-167.58148633436593,180
1709436772735,2.0,-10.5938,1.2249999999999999,-1.1074,-51.9536,-4.6246,-0.7144,297.0,-227.0,196.0,22.5,1005.68,62.880202911125075,38.262161666666664,140.85376333333335,67.06240365139021,-123.42212351117726,-167.58148633436593,180
1709436772883,2.0,-10.6722,0.6664,-0.48019999999999996,-23.0546,8.838799999999999,-10.013,290.0,-230.0,196.0,22.5,1005.63,63.382769021012244,38.262161666666664,140.85376333333335,67.06240365139021,-124.05326887025494,-167.58148633436593,180
1709436773058,2.0,-10.633,1.2348,-0.1862,-21.7778,-6.9274,1.292,285.0,-219.0,202.0,22.5,1005.65,63.63406118041883,38.262161666666664,140.85376333333335,67.06240365139021,-125.32794376216134,-167.58148633436593,180
1709436773216,2.0,-10.2018,1.0682,-0.6174,-17.6434,-0.475,-9.272,263.0,-231.0,203.0,22.5,1005.69,63.96912683534885,38.262161666666664,140.85376333333335,67.06240365139021,-127.66322619045388,-167.58148633436593,180
1709436773366,2.0,-10.1626,1.0976,-0.833,-31.0308,0.8816,6.8096,262.0,-228.0,204.0,22.4,1005.75,63.215244286848915,38.262161666666664,140.85376333333335,67.06240365139021,-127.90525083238896,-167.58148633436593,180
1709436773555,2.0,-11.1524,1.2249999999999999,-0.441,-36.1076,-7.1288,-2.9982,266.0,-222.0,210.0,22.4,1005.69,62.9639622435096,38.262161666666664,140.85376333333335,67.06240365139021,-128.29016319224309,-167.58148633436593,180
1709436773702,2.0,-10.142999999999999,0.5194,-0.3528,-27.1472,3.7734,-4.2826,258.0,-237.0,211.0,22.4,1005.71,62.9639622435096,38.262161666666664,140.85376333333335,67.06240365139021,-129.27731149018413,-167.58148633436593,180
1709436773817,2.0,-10.535,0.637,-0.7448,-38.9994,1.2692,-8.531,247.0,-232.0,214.0,22.4,1005.69,63.131482931359216,38.262161666666664,140.85376333333335,67.06240365139021,-130.90555081998517,-167.58148633436593,180
1709436773971,2.0,-10.4468,0.8526,-0.7938,-29.9744,4.7234,-7.866,245.0,-226.0,215.0,22.4,1005.77,62.71268626937261,38.262161666666664,140.85376333333335,67.06240365139021,-131.26860300083956,-167.58148633436593,180
1709436774130,2.0,-10.211599999999999,0.9212,-0.441,-21.7664,10.8984,-4.2712,237.0,-237.0,212.0,22.4,1005.75,63.131482931359216,38.262161666666664,140.85376333333335,67.06240365139021,-131.81310243481414,-167.58148633436593,180
1709436774283,2.0,-10.5448,0.9016,-0.5095999999999999,-31.008,-0.3876,9.7774,239.0,-224.0,214.0,22.4,1005.86,63.382769021012244,38.262161666666664,140.85376333333335,67.06240365139021,-131.8411855704195,-167.58148633436593,180
1709436774495,2.0,-10.339,1.3621999999999999,-0.4606,-35.3894,12.9846,9.766,226.0,-235.0,207.0,22.4,1005.82,62.71268626937261,38.262161666666664,140.85376333333335,67.06240365139021,-132.48747823597085,-167.58148633436593,180
1709436774608,2.0,-10.1822,1.2935999999999999,-0.5095999999999999,-31.5096,3.9824,-19.7866,213.0,-224.0,207.0,22.4,1005.72,63.131482931359216,38.262161666666664,140.85376333333335,67.06240365139021,-134.18154453831139,-167.58148633436593,180
1709436774765,2.0,-11.034799999999999,0.7742,-0.49,-21.5498,-9.8686,8.5462,216.0,-223.0,206.0,22.4,1005.78,62.9639622435096,38.262161666666664,140.85376333333335,67.06240365139021,-133.64253415546938,-167.58148633436593,180
1709436774917,2.0,-10.5056,1.47,-0.20579999999999998,-44.7792,-8.0028,4.674,208.0,-231.0,214.0,22.4,1005.71,62.46141636410822,38.262161666666664,140.85376333333335,67.06240365139021,-135.81457704975972,-167.58148633436593,180
1709436775060,2.0,-10.4566,0.4704,-0.392,-19.8588,3.04,2.2952,204.0,-225.0,206.0,22.4,1005.82,62.71268626937261,38.262161666666664,140.85376333333335,67.06240365139021,-135.27948939054474,-167.58148633436593,180
1709436775228,2.0,-10.5252,1.0388,-0.6958,-33.6718,-5.1224,8.0826,202.0,-221.0,203.0,22.5,1005.78,62.9639622435096,38.262161666666664,140.85376333333335,67.06240365139021,-135.1414707730282,-167.58148633436593,180
1709436775378,2.0,-10.7996,0.784,-0.539,-19.6194,-23.9438,-7.1326,196.0,-224.0,198.0,22.4,1005.71,63.131482931359216,38.262161666666664,140.85376333333335,67.06240365139021,-135.29083902235055,-167.58148633436593,180
1709436775477,2.0,-10.0254,0.8917999999999999,-0.0882,-31.4146,8.7666,5.5062,189.0,-230.0,197.0,22.5,1005.71,62.9639622435096,38.262161666666664,140.85376333333335,67.06240365139021,-136.18730731572882,-167.58148633436593,180
1709436775528,2.0,-10.3096,0.8917999999999999,-0.0882,-36.6548,10.4576,-2.9222,195.0,-218.0,194.0,22.5,1005.75,62.880202911125075,38.262161666666664,140.85376333333335,67.06240365139021,-134.85271040282484,-167.58148633436593,180
1709436775578,2.0,-10.5056,1.4405999999999999,-0.6958,-39.4136,1.6492,-0.9994,195.0,-218.0,194.0,22.5,1005.6,63.382769021012244,38.262161666666664,140.85376333333335,67.06240365139021,-134.85271040282484,-167.58148633436593,180
1709436775629,2.0,-10.535,1.3818,-0.882,-31.3766,-7.2884,-26.0946,190.0,-233.0,192.0,22.5,1005.72,64.13666370977722,38.262161666666664,140.85376333333335,67.06240365139021,-135.2999751623039,-167.58148633436593,180
1709436775679,2.0,-10.3782,1.47,-0.41159999999999997,-30.6356,-10.0244,2.0596,190.0,-233.0,192.0,22.5,1005.69,63.63406118041883,38.262161666666664,140.85376333333335,67.06240365139021,-135.2999751623039,-167.58148633436593,180
1709436775730,2.0,-10.3782,1.47,-0.41159999999999997,-28.101,3.7012,12.0612,186.0,-227.0,189.0,22.5,1005.65,62.880202911125075,38.262161666666664,140.85376333333335,67.06240365139021,-135.45835645800042,-167.58148633436593,180
1709436775780,2.0,-10.4272,1.2249999999999999,-0.3626,-19.2128,-2.242,6.3612,186.0,-227.0,189.0,22.5,1005.59,62.880202911125075,38.262161666666664,140.85376333333335,67.06240365139021,-135.45835645800042,-167.58148633436593,180
1709436775831,2.0,-10.3194,0.7252,-0.7742,-15.2684,-8.8844,-2.0596,175.0,-239.0,193.0,22.5,1005.57,63.382769021012244,38.262161666666664,140.85376333333335,67.06240365139021,-137.80027916803795,-167.58148633436593,180
1709436775881,2.0,-10.0842,0.9995999999999999,-0.6174,-24.1604,7.4138,3.8532,175.0,-239.0,193.0,22.5,1005.71,63.63406118041883,38.262161666666664,140.85376333333335,67.06240365139021,-137.80027916803795,-167.58148633436593,180
1709436775931,2.0,-10.6624,1.1563999999999999,-0.12739999999999999,-26.79,-1.5276,-4.123,174.0,-231.0,184.0,22.5,1005.72,62.71268626937261,38.262161666666664,140.85376333333335,67.06240365139021,-136.60002471514773,-167.58148633436593,180
1709436775980,2.0,-10.6624,1.1563999999999999,-0.12739999999999999,-34.979,11.1454,12.065,174.0,-231.0,184.0,22.5,1005.6,62.628928959980065,38.262161666666664,140.85376333333335,67.06240365139021,-136.60002471514773,-167.58148633436593,180
1709436776031,2.0,-10.2312,1.7542,-0.6859999999999999,-38.1102,13.3418,8.8084,179.0,-234.0,185.0,22.5,1005.72,63.63406118041883,38.262161666666664,140.85376333333335,67.06240365139021,-135.94435040357962,-167.58148633436593,180
1709436776082,2.0,-10.5056,1.519,-0.8134,-42.3852,-9.1048,-4.2674,179.0,-234.0,185.0,22.5,1005.62,63.717826582438796,38.262161666666664,140.85376333333335,67.06240365139021,-135.94435040357962,-167.58148633436593,180
1709436776133,2.0,-10.5154,0.9114,-0.441,-28.8192,6.8476,-14.8618,165.0,-227.0,177.0,22.5,1005.66,63.4665323997154,38.262161666666664,140.85376333333335,67.06240365139021,-137.00955381302114,-167.58148633436593,180
1709436776183,2.0,-10.5154,0.9114,-0.441,-31.2816,3.7923999999999998,1.9494,165.0,-227.0,177.0,22.5,1005.71,63.717826582438796,38.262161666666664,140.85376333333335,67.06240365139021,-137.00955381302114,-167.58148633436593,180
1709436776234,2.0,-10.4468,0.7448,-0.5781999999999999,-15.0708,-1.6834,1.7518,168.0,-222.0,174.0,22.5,1005.66,63.88535940989396,38.262161666666664,140.85376333333335,67.06240365139021,-136.00508600525419,-167.58148633436593,180
1709436776287,2.0,-10.5644,0.5095999999999999,-1.0584,-14.0866,-0.3534,-20.7784,168.0,-222.0,174.0,22.5,1005.71,63.382769021012244,38.262161666666664,140.85376333333335,67.06240365139021,-136.00508600525419,-167.58148633436593,180
1709436776339,2.0,-10.4468,1.1858,-0.3332,-28.424,-13.4862,8.9832,177.0,-217.0,170.0,22.5,1005.57,63.717826582438796,38.262161666666664,140.85376333333335,67.06240365139021,-133.84433410618004,-167.58148633436593,180
1709436776394,2.0,-10.4566,1.127,-0.4018,-54.9632,6.2358,-6.5284,177.0,-217.0,165.0,22.5,1005.66,63.215244286848915,38.262161666666664,140.85376333333335,67.06240365139021,-132.99044618697886,-167.58148633436593,180
1709436776446,2.0,-10.4566,1.127,-0.4018,-58.5048,15.2038,-13.4938,174.0,-224.0,165.0,22.5,1005.71,62.9639622435096,38.262161666666664,140.85376333333335,67.06240365139021,-133.47923033885624,-167.58148633436593,180
1709436776499,2.0,-10.4664,0.6958,-0.6467999999999999,-45.809,8.4512,2.831,176.0,-220.0,165.0,22.5,1005.74,63.63406118041883,38.262161666666664,140.85376333333335,67.06240365139021,-133.1523897340054,-167.58148633436593,180
1709436776552,2.0,-10.3096,0.6762,-1.1172,-32.9612,4.6436,3.2186,176.0,-220.0,165.0,22.6,1005.65,63.382769021012244,38.262161666666664,140.85376333333335,67.06240365139021,-133.1523897340054,-167.58148633436593,180
1709436776605,2.0,-10.417399999999999,0.4508,-0.8428,-18.7036,-6.46,10.6704,166.0,-233.0,158.0,22.6,1005.66,62.880202911125075,38.262161666666664,140.85376333333335,67.06240365139021,-133.58557678859785,-167.58148633436593,180
1709436776656,2.0,-10.4272,0.8134,-0.637,-12.4868,-2.9754,2.6448,166.0,-233.0,158.0,22.6,1005.65,63.382769021012244,38.262161666666664,140.85376333333335,67.06240365139021,-133.58557678859785,-167.58148633436593,180
1709436776708,2.0,-10.4664,1.0682,-0.48019999999999996,-29.051,-2.3066,-13.3,169.0,-229.0,151.0,22.5,1005.71,63.215244286848915,38.262161666666664,140.85376333333335,67.06240365139021,-131.78050510314716,-167.58148633436593,180
1709436776760,2.0,-10.4664,1.0682,-0.48019999999999996,-38.3572,17.822,8.0826,169.0,-229.0,151.0,22.6,1005.66,63.63406118041883,38.262161666666664,140.85376333333335,67.06240365139021,-131.78050510314716,-167.58148633436593,180
1709436776813,2.0,-10.005799999999999,1.6463999999999999,-0.5292,-28.956,-12.711,8.3942,166.0,-232.0,146.0,22.6,1005.66,63.717826582438796,38.262161666666664,140.85376333333335,67.06240365139021,-131.33221194446855,-167.58148633436593,180
1709436776865,2.0,-10.691799999999999,1.3719999999999999,-1.1858,-30.514,8.9224,11.9396,166.0,-232.0,146.0,22.6,1005.6,63.88535940989396,38.262161666666664,140.85376333333335,67.06240365139021,-131.33221194446855,-167.58148633436593,180
1709436776917,2.0,-10.6624,1.5582,0.0882,-33.7098,-9.7584,17.6662,167.0,-231.0,149.0,22.6,1005.72,63.63406118041883,38.262161666666664,140.85376333333335,67.06240365139021,-131.7398393621251,-167.58148633436593,180
1709436776968,2.0,-10.0352,1.078,-0.7153999999999999,-28.082,-2.622,7.4632,167.0,-231.0,149.0,22.6,1005.62,63.4665323997154,38.262161666666664,140.85376333333335,67.06240365139021,-131.7398393621251,-167.58148633436593,180
1709436777019,2.0,-10.0352,1.078,-0.7153999999999999,-21.9336,0.9348,-21.6866,166.0,-228.0,141.0,22.6,1005.69,63.717826582438796,38.262161666666664,140.85376333333335,67.06240365139021,-130.3444925719864,-167.58148633436593,180
1709436777069,2.0,-10.584,0.8526,-0.48019999999999996,-26.4176,1.3148,-5.4948,166.0,-228.0,141.0,22.6,1005.65,63.382769021012244,38.262161666666664,140.85376333333335,67.06240365139021,-130.3444925719864,-167.58148633436593,180
1709436777120,2.0,-10.584,1.0094,-0.6174,-24.4986,7.011,-11.9814,171.0,-232.0,139.0,22.6,1005.63,63.382769021012244,38.262161666666664,140.85376333333335,67.06240365139021,-129.10647076793492,-167.58148633436593,180
1709436777169,2.0,-10.691799999999999,1.127,-0.4606,-26.9268,-20.0754,14.155,171.0,-232.0,139.0,22.6,1005.69,62.880202911125075,38.262161666666664,140.85376333333335,67.06240365139021,-129.10647076793492,-167.58148633436593,180
1709436777220,2.0,-10.691799999999999,1.127,-0.4606,-30.1568,20.5314,4.674,168.0,-223.0,136.0,22.6,1005.62,62.9639622435096,38.262161666666664,140.85376333333335,67.06240365139021,-128.99099404250546,-167.58148633436593,180
1709436777271,2.0,-9.8784,1.2935999999999999,-0.5781999999999999,-32.4292,-13.4064,2.3788,168.0,-223.0,136.0,22.6,1005.65,64.13666370977722,38.262161666666664,140.85376333333335,67.06240365139021,-128.99099404250546,-167.58148633436593,180
1709436777324,2.0,-10.2998,1.3426,-0.6664,-38.6308,11.1416,-1.4858,165.0,-225.0,133.0,22.6,1005.74,63.382769021012244,38.262161666666664,140.85376333333335,67.06240365139021,-128.87091923503198,-167.58148633436593,180
1709436777376,2.0,-10.2508,1.2152,-0.6076,-40.0064,6.5702,-17.8372,165.0,-225.0,133.0,22.6,1005.68,63.717826582438796,38.262161666666664,140.85376333333335,67.06240365139021,-128.87091923503198,-167.58148633436593,180
1709436777428,2.0,-10.348799999999999,1.0584,-1.127,-21.5536,-12.4184,9.6976,167.0,-232.0,127.0,22.6,1005.65,63.382769021012244,38.262161666666664,140.85376333333335,67.06240365139021,-127.25222796389188,-167.58148633436593,180
1709436777480,2.0,-10.348799999999999,1.0584,-1.127,-34.1354,2.2116,11.0884,167.0,-232.0,127.0,22.6,1005.71,63.88535940989396,38.262161666666664,140.85376333333335,67.06240365139021,-127.25222796389188,-167.58148633436593,180
1709436777534,2.0,-10.4272,1.1172,-0.48019999999999996,-56.8746,-4.0241999999999996,-19.1026,175.0,-224.0,122.0,22.6,1005.68,63.215244286848915,38.262161666666664,140.85376333333335,67.06240365139021,-124.8820053961409,-167.58148633436593,180
1709436777586,2.0,-11.1328,0.6958,-0.1568,-59.109,26.0984,10.1916,175.0,-224.0,122.0,22.6,1005.68,63.88535940989396,38.262161666666664,140.85376333333335,67.06240365139021,-124.8820053961409,-167.58148633436593,180
1709436777647,2.0,-10.280199999999999,0.5586,-0.9016,-58.7974,21.7132,15.371,177.0,-231.0,110.0,22.6,1005.62,63.96912683534885,38.262161666666664,140.85376333333335,67.06240365139021,-121.85966689073095,-167.58148633436593,180
1709436777698,2.0,-10.1528,0.1764,-0.20579999999999998,-45.9686,11.495,13.319,183.0,-230.0,109.0,22.6,1005.65,63.96912683534885,38.262161666666664,140.85376333333335,67.06240365139021,-120.77922969981205,-167.58148633436593,180
1709436777752,2.0,-10.838799999999999,0.1568,-1.2054,-10.4006,-12.8364,15.4014,183.0,-230.0,109.0,22.6,1005.56,63.4665323997154,38.262161666666664,140.85376333333335,67.06240365139021,-120.77922969981205,-167.58148633436593,180
1709436777804,2.0,-10.838799999999999,0.1568,-1.2054,-7.695,0.1596,-11.2366,181.0,-224.0,106.0,22.6,1005.56,64.13666370977722,38.262161666666664,140.85376333333335,67.06240365139021,-120.35474828790115,-167.58148633436593,180
1709436777856,2.0,-10.5644,1.1563999999999999,-0.5488,-11.7914,-32.5546,4.9552,181.0,-224.0,106.0,22.6,1005.65,63.63406118041883,38.262161666666664,140.85376333333335,67.06240365139021,-120.35474828790115,-167.58148633436593,180
1709436777906,2.0,-10.682,1.7149999999999999,-0.3724,-28.3556,-9.4126,20.6416,172.0,-223.0,103.0,22.6,1005.63,63.215244286848915,38.262161666666664,140.85376333333335,67.06240365139021,-120.91474390116042,-167.58148633436593,180
1709436777955,2.0,-10.5056,1.5288,-0.3626,-21.8804,9.6444,-10.8224,172.0,-223.0,103.0,22.6,1005.66,64.13666370977722,38.262161666666664,140.85376333333335,67.06240365139021,-120.91474390116042,-167.58148633436593,180
1709436778004,2.0,-11.0152,1.1662,-0.21559999999999999,-16.3172,6.4828,-15.7548,175.0,-221.0,103.0,22.6,1005.69,63.4665323997154,38.262161666666664,140.85376333333335,67.06240365139021,-120.47985098146297,-167.58148633436593,180
1709436778055,2.0,-11.0152,1.1662,-0.21559999999999999,-9.2188,14.4172,-13.357,175.0,-221.0,103.0,22.6,1005.63,63.382769021012244,38.262161666666664,140.85376333333335,67.06240365139021,-120.47985098146297,-167.58148633436593,180
1709436778104,2.0,-10.0254,1.1466,-0.4214,-43.3124,43.434,-31.7148,180.0,-224.0,104.0,22.6,1005.66,62.9639622435096,38.262161666666664,140.85376333333335,67.06240365139021,-120.01836742760906,-167.58148633436593,180
1709436778159,2.0,-10.6722,1.1172,-0.098,-46.6526,-6.878,-9.709,180.0,-224.0,104.0,22.6,1005.53,63.88535940989396,38.262161666666664,140.85376333333335,67.06240365139021,-120.01836742760906,-167.58148633436593,180
1709436778209,2.0,-10.3194,1.1368,-1.3426,-29.4576,-20.2996,19.4864,183.0,-227.0,98.0,22.6,1005.65,63.382769021012244,38.262161666666664,140.85376333333335,67.06240365139021,-118.16990103214997,-167.58148633436593,180
1709436778261,2.0,-10.1038,1.2446,-0.8036,-26.8812,10.6894,10.564,183.0,-227.0,98.0,22.6,1005.66,63.4665323997154,38.262161666666664,140.85376333333335,67.06240365139021,-118.16990103214997,-167.58148633436593,180
1709436778312,2.0,-10.1038,1.2446,-0.8036,-38.5472,-2.1242,-3.6176,187.0,-231.0,94.0,22.5,1005.71,62.9639622435096,38.262161666666664,140.85376333333335,67.06240365139021,-116.68747787005809,-167.58148633436593,180
1709436778363,2.0,-10.7996,1.3916,-0.3724,-40.0558,14.497,19.4674,187.0,-231.0,94.0,22.6,1005.69,63.96912683534885,38.262161666666664,140.85376333333335,67.06240365139021,-116.68747787005809,-167.58148633436593,180
1709436778418,2.0,-10.3096,1.0191999999999999,-0.833,-22.1464,-11.9814,-11.5102,191.0,-226.0,94.0,22.6,1005.66,62.9639622435096,38.262161666666664,140.85376333333335,67.06240365139021,-116.20394810417116,-167.58148633436593,180
1709436778473,2.0,-10.1528,0.7644,-0.8036,-27.379,21.831,-16.188,191.0,-226.0,94.0,22.6,1005.62,63.382769021012244,38.262161666666664,140.85376333333335,67.06240365139021,-116.20394810417116,-167.58148633436593,180
1709436778524,2.0,-10.828999999999999,1.1368,-0.6664,-37.8252,-7.3568,-7.8926,200.0,-221.0,88.0,22.6,1005.69,63.382769021012244,38.262161666666664,140.85376333333335,67.06240365139021,-113.74949449286675,-167.58148633436593,180
1709436778577,2.0,-10.828999999999999,1.1368,-0.6664,-44.2548,-2.3294,1.9836,200.0,-221.0,88.0,22.6,1005.63,64.22043315877039,38.262161666666664,140.85376333333335,67.06240365139021,-113.74949449286675,-167.58148633436593,180
1709436778631,2.0,-10.437,1.0486,-0.9212,-54.4274,10.849,0.0228,202.0,-224.0,84.0,22.6,1005.6,63.88535940989396,38.262161666666664,140.85376333333335,67.06240365139021,-112.57957256402631,-167.58148633436593,180
1709436778684,2.0,-10.584,0.9898,-0.43119999999999997,-48.1346,-4.8602,15.0176,202.0,-224.0,84.0,22.6,1005.69,64.13666370977722,38.262161666666664,140.85376333333335,67.06240365139021,-112.57957256402631,-167.58148633436593,180
1709436778736,2.0,-10.1234,0.5488,-1.1662,-40.451,-6.7108,17.4306,214.0,-217.0,80.0,22.6,1005.69,63.63406118041883,38.262161666666664,140.85376333333335,67.06240365139021,-110.49734054800183,-167.58148633436593,180
1709436778787,2.0,-10.5938,0.4214,-0.6076,-36.9512,4.218,12.9048,205.0,-222.0,82.0,22.6,1005.71,63.215244286848915,38.262161666666664,140.85376333333335,67.06240365139021,-111.80140948635182,-167.58148633436593,180
1709436778838,2.0,-10.5938,0.4214,-0.6076,-29.6704,4.7652,23.5562,205.0,-222.0,82.0,22.6,1005.68,63.717826582438796,38.262161666666664,140.85376333333335,67.06240365139021,-111.80140948635182,-167.58148633436593,180
1709436778889,2.0,-10.348799999999999,0.3822,-0.833,-50.768,-8.645,43.6582,208.0,-225.0,76.0,22.6,1005.66,63.717826582438796,38.262161666666664,140.85376333333335,67.06240365139021,-110.07152586453873,-167.58148633436593,180
1709436778941,2.0,-11.368,1.274,-0.3626,-42.9742,6.441,-35.3856,208.0,-225.0,76.0,22.6,1005.68,63.63406118041883,38.262161666666664,140.85376333333335,67.06240365139021,-110.07152586453873,-167.58148633436593,180
1709436778991,2.0,-9.8294,1.5386,-0.735,-58.634,-0.6574,11.3734,217.0,-227.0,69.0,22.6,1005.68,62.46141636410822,38.262161666666664,140.85376333333335,67.06240365139021,-107.63922527018273,-167.58148633436593,180
1709436779044,2.0,-10.5742,0.637,-0.1176,-33.0942,-1.1894,-11.039,217.0,-227.0,69.0,22.6,1005.68,63.4665323997154,38.262161666666664,140.85376333333335,67.06240365139021,-107.63922527018273,-167.58148633436593,180
1709436779095,2.0,-10.5742,0.637,-0.1176,-15.9904,13.8472,-12.8858,225.0,-228.0,70.0,22.6,1005.6,63.131482931359216,38.262161666666664,140.85376333333335,67.06240365139021,-107.28149837181664,-167.58148633436593,180
1709436779146,2.0,-10.1332,0.6958,-0.5194,-11.5064,4.2028,-2.5042,225.0,-228.0,70.0,22.6,1005.6,62.46141636410822,38.262161666666664,140.85376333333335,67.06240365139021,-107.28149837181664,-167.58148633436593,180
1709436779196,2.0,-10.5252,1.1368,-0.4508,-23.8222,16.4274,14.706,223.0,-230.0,73.0,22.6,1005.68,63.4665323997154,38.262161666666664,140.85376333333335,67.06240365139021,-108.12607968817011,-167.58148633436593,180
1709436779246,2.0,-10.584,1.1858,-0.6762,-37.9354,2.7626,-9.4734,223.0,-230.0,73.0,22.6,1005.71,63.4665323997154,38.262161666666664,140.85376333333335,67.06240365139021,-108.12607968817011,-167.58148633436593,180
1709436779297,2.0,-10.633,1.4798,-0.41159999999999997,-28.9142,-3.3364,8.9414,232.0,-220.0,70.0,22.6,1005.63,63.382769021012244,38.262161666666664,140.85376333333335,67.06240365139021,-106.78983037118473,-167.58148633436593,180
1709436779349,2.0,-10.633,1.4798,-0.41159999999999997,-26.3492,-8.8464,-5.6886,232.0,-220.0,70.0,22.6,1005.62,63.382769021012244,38.262161666666664,140.85376333333335,67.06240365139021,-106.78983037118473,-167.58148633436593,180
1709436779403,2.0,-10.6134,1.5582,-0.7644,-29.393,-16.5756,-2.5384,239.0,-228.0,70.0,22.6,1005.54,63.717826582438796,38.262161666666664,140.85376333333335,67.06240365139021,-106.32462332180303,-167.58148633436593,180
1709436779459,3.0,-10.584,1.3719999999999999,-0.49979999999999997,-27.3334,-9.9522,-4.674,239.0,-228.0,70.0,22.6,1005.66,63.96912683534885,38.262161666666664,140.85376333333335,67.06240365139021,-106.32462332180303,-167.58148633436593,180
1709436779630,3.0,-10.4958,0.245,-0.588,-6.7602,7.9762,33.9112,-0.005847953216374269,-226.0,-0.9245283018867925,22.6,1005.63,63.131482931359216,38.262161666666664,140.85376333333335,67.06240365139021,0.36241028954970034,-167.58148633436593,-167.94389662391563
1709436779781,3.0,-10.535,1.2348,-0.4508,-11.9624,6.6386,3.3364,-0.029239766081871343,-216.0,-0.8364779874213837,22.6,1005.57,63.4665323997154,38.262161666666664,140.85376333333335,67.06240365139021,2.002005258626127,-167.58148633436593,-169.58349159299206
1709436779960,3.0,-10.8192,1.9305999999999999,0.539,66.4354,33.1892,-28.2568,-0.12280701754385964,-213.0,-0.9245283018867925,22.5,1005.59,63.215244286848915,38.262161666666664,140.85376333333335,67.06240365139021,7.566423482753294,-167.58148633436593,-175.14790981711923
1709436780160,3.0,-10.3978,0.9702,-1.3621999999999999,76.4484,25.8704,5.1984,-0.1695906432748538,-218.0,-0.8364779874213837,22.5,1005.63,63.88535940989396,38.262161666666664,140.85376333333335,67.06240365139021,11.461008668425677,-167.58148633436593,-179.0424950027916
1709436780348,3.0,-10.4566,0.1176,-1.3034,19.3762,-19.0722,-24.7798,-0.391812865497076,-222.0,-0.660377358490566,22.5,1005.66,63.215244286848915,38.262161666666664,140.85376333333335,67.06240365139021,30.681360575839506,-167.58148633436593,161.73715308979456
1709436780554,3.0,-10.6428,1.9796,-0.049,-43.472,-16.0512,-16.0664,-0.5087719298245614,-238.0,-0.7232704402515723,22.5,1005.63,63.4665323997154,38.262161666666664,140.85376333333335,67.06240365139021,35.12379902913551,-167.58148633436593,157.29471463649855
1709436780705,3.0,-10.1136,1.6856,-0.3528,-44.2624,10.5298,0.0076,-0.3684210526315789,-222.0,-0.8490566037735849,22.5,1005.71,64.13666370977722,38.262161666666664,140.85376333333335,67.06240365139021,23.45689602547111,-167.58148633436593,168.96161764016296
1709436780869,3.0,-10.8878,0.735,-0.20579999999999998,-91.7054,4.1572,32.7484,-0.18128654970760233,-225.0,-0.8616352201257862,22.5,1005.65,62.9639622435096,38.262161666666664,140.85376333333335,67.06240365139021,11.881632102313688,-167.58148633436593,-179.46311843667962
1709436781063,3.0,-10.211599999999999,1.5288,-1.0191999999999999,-2.565,-21.7588,-11.6128,-0.09941520467836257,-232.0,-0.9119496855345912,22.6,1005.62,63.4665323997154,38.262161666666664,140.85376333333335,67.06240365139021,6.221469422877362,-167.58148633436593,-173.8029557572433
1709436781236,3.0,-10.211599999999999,1.2838,0.2254,45.9534,-13.9422,12.1828,-0.12280701754385964,-213.0,-0.7484276729559748,22.5,1005.71,63.717826582438796,38.262161666666664,140.85376333333335,67.06240365139021,9.318435570492397,-167.58148633436593,-176.89992190485833
1709436781413,3.0,-10.7016,0.9603999999999999,0.1372,40.9298,14.3944,0.285,-0.30994152046783624,-212.0,-0.7861635220125787,22.5,1005.62,64.47174555303317,38.262161666666664,140.85376333333335,67.06240365139021,21.51662084170107,-167.58148633436593,170.901892823933
1709436781587,3.0,-9.868599999999999,1.1074,-0.392,-38.836,-5.9508,-15.5914,-0.2982456140350877,-228.0,-0.7987421383647799,22.5,1005.72,63.88535940989396,38.262161666666664,140.85376333333335,67.06240365139021,20.475335991151383,-167.58148633436593,171.94317767448268
1709436781736,3.0,-10.5742,1.2838,-1.127,-52.2652,-14.801,8.8236,-0.25146198830409355,-225.0,-0.7987421383647799,22.5,1005.63,63.131482931359216,38.262161666666664,140.85376333333335,67.06240365139021,17.475174320816564,-167.58148633436593,174.9433393448175
1709436781886,3.0,-10.0842,0.8722,-0.539,-34.2,13.2088,-8.018,-0.1695906432748538,-226.0,-0.9119496855345912,22.6,1005.63,63.88535940989396,38.262161666666664,140.85376333333335,67.06240365139021,10.534664777654598,-167.58148633436593,-178.11615111202053
1709436782051,3.0,-10.2606,1.078,-1.2348,11.5976,-5.0958,-2.6524,-0.08771929824561403,-219.0,-0.8867924528301887,22.6,1005.6,64.38797408038852,38.262161666666664,140.85376333333335,67.06240365139021,5.649178353928278,-167.58148633436593,-173.2306646882942
1709436782202,3.0,-10.0842,0.9212,0.1666,41.0362,6.6348,3.914,-0.13450292397660818,-214.0,-0.8867924528301887,22.6,1005.71,63.215244286848915,38.262161666666664,140.85376333333335,67.06240365139021,8.624517630567311,-167.58148633436593,-176.20600396493325
1709436782371,3.0,-10.3684,0.9309999999999999,0.0294,43.624,1.3148,14.5122,-0.19298245614035087,-219.0,-0.8238993710691824,22.6,1005.69,64.22043315877039,38.262161666666664,140.85376333333335,67.06240365139021,13.182768561061721,-167.58148633436593,179.23574510457235
1709436782526,3.0,-10.878,0.9995999999999999,-0.0882,-66.234,-13.072,2.1888,-0.3567251461988304,-223.0,-0.8364779874213837,22.6,1005.66,63.4665323997154,38.262161666666664,140.85376333333335,67.06240365139021,23.096351714066486,-167.58148633436593,169.32216195156758
1709436782678,3.0,-10.5938,1.078,-0.5978,-30.1606,14.2918,-4.237,-0.13450292397660818,-219.0,-0.8867924528301887,22.6,1005.63,64.13666370977722,38.262161666666664,140.85376333333335,67.06240365139021,8.624517630567311,-167.58148633436593,-176.20600396493325
1709436782819,3.0,-9.9764,1.1172,-0.2744,-2.8956,9.9332,-10.526,-0.09941520467836257,-214.0,-0.8616352201257862,22.6,1005.6,63.63406118041883,38.262161666666664,140.85376333333335,67.06240365139021,6.581666164777573,-167.58148633436593,-174.1631524991435
1709436782966,3.0,-10.5644,1.4307999999999998,-0.3822,40.3712,-18.6846,-14.0638,-0.13450292397660818,-213.0,-0.8742138364779874,22.6,1005.66,62.880202911125075,38.262161666666664,140.85376333333335,67.06240365139021,8.74670567501488,-167.58148633436593,-176.3281920093808
1709436783124,3.0,-10.5056,0.5292,0.1372,36.7308,6.1636,2.5764,-0.3333333333333333,-208.0,-0.8490566037735849,22.6,1005.72,62.880202911125075,38.262161666666664,140.85376333333335,67.06240365139021,21.434604129418062,-167.58148633436593,170.983909536216
1709436783291,3.0,-10.554599999999999,1.4798,0.3038,-56.7606,-10.9858,1.5618,-0.3333333333333333,-227.0,-0.8113207547169812,22.6,1005.81,62.71268626937261,38.262161666666664,140.85376333333335,67.06240365139021,22.33544256530388,-167.58148633436593,170.0830711003302
1709436783440,3.0,-10.8486,1.2249999999999999,-0.8722,-22.7012,-2.4016,-0.3002,-0.22807017543859648,-218.0,-0.8364779874213837,22.6,1005.66,62.46141636410822,38.262161666666664,140.85376333333335,67.06240365139021,15.25128158951452,-167.58148633436593,177.16723207611955
1709436783603,3.0,-10.3096,1.5777999999999999,-0.245,-57.5092,16.0664,11.305,-0.15789473684210525,-226.0,-0.8742138364779874,22.6,1005.72,63.382769021012244,38.262161666666664,140.85376333333335,67.06240365139021,10.23801256196964,-167.58148633436593,-177.81949889633557
1709436783786,3.0,-10.8192,0.6566,-0.5292,71.1588,-12.0764,-21.5384,-0.13450292397660818,-219.0,-0.8742138364779874,22.6,1005.66,62.46141636410822,38.262161666666664,140.85376333333335,67.06240365139021,8.74670567501488,-167.58148633436593,-176.3281920093808
1709436783927,3.0,-9.8784,0.8917999999999999,0.3822,14.6566,11.4646,13.6192,-0.18128654970760233,-211.0,-0.8616352201257862,22.6,1005.6,63.717826582438796,38.262161666666664,140.85376333333335,67.06240365139021,11.881632102313688,-167.58148633436593,-179.46311843667962
1709436784084,3.0,-10.8878,1.2152,-0.3528,47.2796,-1.2046,11.4494,-0.25146198830409355,-214.0,-0.8490566037735849,22.6,1005.66,63.382769021012244,38.262161666666664,140.85376333333335,67.06240365139021,16.497516219918793,-167.58148633436593,175.92099744571527
1709436784232,3.0,-10.3292,1.1563999999999999,0.0588,5.7494,2.9792,7.1212,-0.30994152046783624,-209.0,-0.8490566037735849,22.6,1005.74,63.382769021012244,38.262161666666664,140.85376333333335,67.06240365139021,20.054217526803768,-167.58148633436593,172.3642961388303
1709436784375,3.0,-10.4664,1.3132,-0.735,-51.0758,17.4268,-8.2194,-0.38011695906432746,-224.0,-0.9119496855345912,22.6,1005.65,63.717826582438796,38.262161666666664,140.85376333333335,67.06240365139021,22.627248107594937,-167.58148633436593,169.79126555803913
1709436784537,3.0,-10.417399999999999,0.441,-0.9408,-25.9616,2.603,10.7312,-0.2631578947368421,-221.0,-0.8867924528301887,22.6,1005.68,63.63406118041883,38.262161666666664,140.85376333333335,67.06240365139021,16.52838843134134,-167.58148633436593,175.89012523429273
1709436784694,3.0,-10.838799999999999,1.1956,-0.7545999999999999,-34.3368,7.4898,-12.270199999999999,-0.15789473684210525,-225.0,-0.9119496855345912,22.6,1005.68,63.4665323997154,38.262161666666664,140.85376333333335,67.06240365139021,9.822795396675247,-167.58148633436593,-177.40428173104118
1709436784847,3.0,-10.2704,0.0686,-1.1956,82.9046,1.7176,-28.8686,-0.07602339181286549,-219.0,-0.8867924528301887,22.6,1005.66,63.717826582438796,38.262161666666664,140.85376333333335,67.06240365139021,4.899901253549331,-167.58148633436593,-172.48138758791526
1709436784983,3.0,-10.1724,1.5288,1.1074,12.4374,13.4368,-14.0448,-0.3216374269005848,-215.0,-0.8490566037735849,22.6,1005.66,63.4665323997154,38.262161666666664,140.85376333333335,67.06240365139021,20.747560162195555,-167.58148633436593,171.6709535034385
1709436785143,3.0,-10.6036,0.9898,0.0588,-23.9856,13.5736,5.206,-0.4502923976608187,-228.0,-0.8616352201257862,22.6,1005.71,63.131482931359216,38.262161666666664,140.85376333333335,67.06240365139021,27.591663984258844,-167.58148633436593,164.82684968137522
1709436785303,3.0,-10.6526,1.0191999999999999,-0.882,-48.9934,18.2894,6.7982,-0.1695906432748538,-229.0,-0.9245283018867925,22.6,1005.59,63.4665323997154,38.262161666666664,140.85376333333335,67.06240365139021,10.394481026506696,-167.58148633436593,-177.97596736087263
1709436785435,3.0,-10.339,1.176,-0.4018,24.6164,-3.5644,-2.3256,-0.19298245614035087,-228.0,-0.9748427672955975,22.6,1005.69,62.880202911125075,38.262161666666664,140.85376333333335,67.06240365139021,11.197646663668593,-167.58148633436593,-178.77913299803453
1709436785609,3.0,-10.535,1.617,0.6664,36.4534,-15.3976,-6.1066,-0.27485380116959063,-218.0,-0.8490566037735849,22.6,1005.65,63.63406118041883,38.262161666666664,140.85376333333335,67.06240365139021,17.937633229314315,-167.58148633436593,174.48088043631975
1709436785765,3.0,-10.4272,1.0191999999999999,-0.735,1.3908,8.5272,-3.0134,-0.3567251461988304,-249.0,-0.8238993710691824,22.6,1005.6,63.382769021012244,38.262161666666664,140.85376333333335,67.06240365139021,23.411248155904445,-167.58148633436593,169.00726550972962
1709436785916,3.0,-10.5742,0.441,-0.8428,-38.0076,-8.8236,-2.6828,-0.2631578947368421,-222.0,-0.8616352201257862,22.6,1005.72,63.63406118041883,38.262161666666664,140.85376333333335,67.06240365139021,16.983553176619353,-167.58148633436593,175.4349604890147
1709436786076,3.0,-10.5154,1.0682,-0.4214,-46.683,11.7116,-10.4044,-0.18128654970760233,-232.0,-0.9371069182389937,22.6,1005.66,62.9639622435096,38.262161666666664,140.85376333333335,67.06240365139021,10.948818485678203,-167.58148633436593,-178.53030482004414
1709436786226,3.0,-10.348799999999999,0.6467999999999999,-0.7153999999999999,37.506,-3.4618,-8.075,-0.12280701754385964,-216.0,-0.8490566037735849,22.6,1005.63,62.9639622435096,38.262161666666664,140.85376333333335,67.06240365139021,8.230149450138697,-167.58148633436593,-175.81163578450463
1709436786388,3.0,-10.2508,1.2544,1.2348,31.996,3.7962,21.0938,-0.2631578947368421,-219.0,-0.8867924528301887,22.6,1005.75,62.880202911125075,38.262161666666664,140.85376333333335,67.06240365139021,16.52838843134134,-167.58148633436593,175.89012523429273
1709436786521,3.0,-10.0352,1.1368,-0.1764,35.1044,-18.1868,1.1514,-0.30994152046783624,-217.0,-0.8490566037735849,22.6,1005.63,63.215244286848915,38.262161666666664,140.85376333333335,67.06240365139021,20.054217526803768,-167.58148633436593,172.3642961388303
1709436786675,3.0,-10.691799999999999,0.6467999999999999,-0.0098,-50.5666,-0.6308,-12.0536,-0.2631578947368421,-227.0,-0.8867924528301887,22.6,1005.78,64.22043315877039,38.262161666666664,140.85376333333335,67.06240365139021,16.52838843134134,-167.58148633436593,175.89012523429273
1709436786864,3.0,-10.6134,1.1956,-0.10779999999999999,-28.3594,-10.279,3.7202,-0.27485380116959063,-227.0,-0.8867924528301887,22.6,1005.72,63.215244286848915,38.262161666666664,140.85376333333335,67.06240365139021,17.220379274978313,-167.58148633436593,175.19813439065575
1709436787024,3.0,-10.094,1.7149999999999999,-0.2842,-44.3574,13.2164,16.606,-0.25146198830409355,-223.0,-0.8364779874213837,22.6,1005.66,63.215244286848915,38.262161666666664,140.85376333333335,67.06240365139021,16.731827405153126,-167.58148633436593,175.68668626048094
1709436787231,3.0,-10.535,0.8134,-0.7153999999999999,-13.1252,11.7876,9.1998,-0.06432748538011696,-235.0,-0.89937106918239,22.6,1005.69,62.880202911125075,38.262161666666664,140.85376333333335,67.06240365139021,4.091111723806989,-167.58148633436593,-171.67259805817292
1709436787418,3.0,-10.0156,1.0388,-0.49,28.7546,-1.6188,2.394,-0.029239766081871343,-216.0,-0.949685534591195,22.6,1005.69,63.4665323997154,38.262161666666664,140.85376333333335,67.06240365139021,1.763516506619112,-167.58148633436593,-169.34500284098505
1709436787573,3.0,-10.6036,1.2054,0.392,43.016,5.586,6.004,-0.14619883040935672,-220.0,-0.9119496855345912,22.6,1005.75,63.382769021012244,38.262161666666664,140.85376333333335,67.06240365139021,9.107850239456582,-167.58148633436593,-176.68933657382252
1709436787738,3.0,-10.4762,0.9995999999999999,-0.1764,39.0906,-8.208,6.5018,-0.15789473684210525,-220.0,-0.7861635220125787,22.6,1005.59,62.9639622435096,38.262161666666664,140.85376333333335,67.06240365139021,11.356318295745723,-167.58148633436593,-178.93780463011166
1709436787898,3.0,-10.5742,0.98,-0.392,56.5782,-15.1962,6.5512,-0.2982456140350877,-215.0,-0.7987421383647799,22.6,1005.66,63.88535940989396,38.262161666666664,140.85376333333335,67.06240365139021,20.475335991151383,-167.58148633436593,171.94317767448268
1709436788082,3.0,-10.348799999999999,0.9702,0.21559999999999999,-34.0594,-0.5472,2.3218,-0.4269005847953216,-214.0,-0.7610062893081762,22.6,1005.65,63.382769021012244,38.262161666666664,140.85376333333335,67.06240365139021,29.291053933610442,-167.58148633436593,163.12745973202362
1709436788262,3.0,-10.760399999999999,1.6463999999999999,-0.7153999999999999,-27.4778,-11.5368,-3.6214,-0.4152046783625731,-224.0,-0.8364779874213837,22.6,1005.68,63.4665323997154,38.262161666666664,140.85376333333335,67.06240365139021,26.39853815190793,-167.58148633436593,166.01997551372614
1709436788422,3.0,-10.7016,1.127,-0.5292,-35.2488,-0.475,-4.4802,-0.28654970760233917,-226.0,-0.7987421383647799,22.6,1005.72,63.63406118041883,38.262161666666664,140.85376333333335,67.06240365139021,19.735509740266195,-167.58148633436593,172.68300392536787
1709436788574,3.0,-10.9956,0.8722,-0.8722,-30.6052,-1.9342,11.8028,-0.18128654970760233,-223.0,-0.8616352201257862,22.7,1005.61,63.382769021012244,38.262161666666664,140.85376333333335,67.06240365139021,11.881632102313688,-167.58148633436593,-179.46311843667962
1709436788733,3.0,-10.7506,0.9603999999999999,-0.7545999999999999,-36.8562,-5.035,-10.108,-0.12280701754385964,-226.0,-0.89937106918239,22.7,1005.71,62.9639622435096,38.262161666666664,140.85376333333335,67.06240365139021,7.7755172193021735,-167.58148633436593,-175.3570035536681
1709436788897,3.0,-10.4762,1.4112,0.1568,30.0276,-7.5278,6.6234,0.005847953216374269,-220.0,-0.89937106918239,22.7,1005.65,63.4665323997154,38.262161666666664,140.85376333333335,67.06240365139021,-0.3725473584692338,-167.58148633436593,-167.2089389758967
1709436789027,3.0,-10.966199999999999,1.274,-0.1372,38.2204,1.7973999999999999,-0.6422,-0.1695906432748538,-225.0,-0.8238993710691824,22.7,1005.59,63.717826582438796,38.262161666666664,140.85376333333335,67.06240365139021,11.631252421253748,-167.58148633436593,-179.21273875561968
1709436789185,3.0,-10.9466,1.274,-0.34299999999999997,39.9456,-11.8674,-4.5334,-0.27485380116959063,-223.0,-0.8113207547169812,22.7,1005.65,63.4665323997154,38.262161666666664,140.85376333333335,67.06240365139021,18.715007429237403,-167.58148633436593,173.70350623639666
1709436789328,3.0,-10.2508,1.3132,0.245,-31.5438,-0.1558,-0.0152,-0.2982456140350877,-212.0,-0.7484276729559748,22.7,1005.65,63.215244286848915,38.262161666666664,140.85376333333335,67.06240365139021,21.727095935917987,-167.58148633436593,170.69141772971608
1709436789462,3.0,-10.0352,0.48019999999999996,-0.8231999999999999,-53.4736,12.2436,34.4546,-0.25146198830409355,-226.0,-0.8616352201257862,22.7,1005.58,63.131482931359216,38.262161666666664,140.85376333333335,67.06240365139021,16.26950190064383,-167.58148633436593,176.14901176499023
1709436789593,3.0,-9.9568,1.5091999999999999,-0.5586,-46.6678,2.888,-8.1206,-0.1111111111111111,-228.0,-0.9119496855345912,22.7,1005.66,64.47174555303317,38.262161666666664,140.85376333333335,67.06240365139021,6.946626442839147,-167.58148633436593,-174.52811277720508
1709436789722,3.0,-10.760399999999999,0.6076,-0.4508,-20.4022,11.9776,13.186,-0.1695906432748538,-228.0,-0.8867924528301887,22.7,1005.69,62.880202911125075,38.262161666666664,140.85376333333335,67.06240365139021,10.826551143065274,-167.58148633436593,-178.4080374774312
1709436789856,3.0,-10.4272,1.47,-0.12739999999999999,58.007,-12.844,10.1384,-0.12280701754385964,-223.0,-0.8364779874213837,22.7,1005.66,63.215244286848915,38.262161666666664,140.85376333333335,67.06240365139021,8.35217790684942,-167.58148633436593,-175.93366424121535
1709436790016,3.0,-10.3782,1.4405999999999999,-0.098,35.1462,34.7206,-11.0314,-0.22807017543859648,-215.0,-0.8490566037735849,22.7,1005.62,63.801592658932144,38.262161666666664,140.85376333333335,67.06240365139021,15.035639213109675,-167.58148633436593,177.3828744525244
1709436790174,3.0,-10.6722,0.1666,-0.7252,37.43,-13.5622,0.551,-0.28654970760233917,-223.0,-0.7861635220125787,22.7,1005.65,62.9639622435096,38.262161666666664,140.85376333333335,67.06240365139021,20.026354457394746,-167.58148633436593,172.39215920823932
1709436790310,3.0,-10.0646,1.5777999999999999,-0.4018,-51.2354,5.1452,15.9068,-0.38011695906432746,-229.0,-0.8238993710691824,22.7,1005.66,63.131482931359216,38.262161666666664,140.85376333333335,67.06240365139021,24.766867934448328,-167.58148633436593,167.65164573118574
1709436790460,3.0,-10.4958,1.3034,-0.6958,-26.011,12.2018,0.8512,-0.2631578947368421,-225.0,-0.7987421383647799,22.7,1005.61,61.205157859427366,38.262161666666664,140.85376333333335,67.06240365139021,18.23526307100201,-167.58148633436593,174.18325059463206
1709436790635,3.0,-10.5448,1.4504,-0.5684,-45.0718,1.3376,24.282,-0.25146198830409355,-223.0,-0.8867924528301887,22.7,1005.69,63.4665323997154,38.262161666666664,140.85376333333335,67.06240365139021,15.831401784582056,-167.58148633436593,176.587111881052
1709436790777,3.0,-10.8486,0.8231999999999999,-1.1172,-31.3044,5.0616,-20.615,-0.18128654970760233,-225.0,-0.8616352201257862,22.7,1005.68,62.628928959980065,38.262161666666664,140.85376333333335,67.06240365139021,11.881632102313688,-167.58148633436593,-179.46311843667962
1709436790946,3.0,-10.4076,0.2646,-1.1858,36.4268,-17.727,-35.91,-0.07602339181286549,-218.0,-0.8490566037735849,22.7,1005.71,62.9639622435096,38.262161666666664,140.85376333333335,67.06240365139021,5.116543113916634,-167.58148633436593,-172.69802944828257
1709436791109,3.0,-10.6722,1.4504,-0.1764,32.0188,4.37,-8.93,-0.08771929824561403,-214.0,-0.8113207547169812,22.7,1005.66,63.131482931359216,38.262161666666664,140.85376333333335,67.06240365139021,6.170799592610024,-167.58148633436593,-173.75228592697596
1709436791283,3.0,-10.1724,1.3719999999999999,0.4508,36.5256,9.063,-21.1812,-0.19298245614035087,-220.0,-0.8742138364779874,22.7,1005.74,62.880202911125075,38.262161666666664,140.85376333333335,67.06240365139021,12.448384570352346,-167.58148633436593,179.97012909528172
1709436791430,3.0,-10.437,1.3132,-0.21559999999999999,-36.3736,-10.6552,-1.311,-0.27485380116959063,-224.0,-0.8238993710691824,22.6,1005.65,63.215244286848915,38.262161666666664,140.85376333333335,67.06240365139021,18.44875947174171,-167.58148633436593,173.96975419389236
1709436791599,3.0,-10.211599999999999,0.196,-0.8917999999999999,-20.14,4.7462,5.985,-0.13450292397660818,-219.0,-0.8867924528301887,22.7,1005.71,63.382769021012244,38.262161666666664,140.85376333333335,67.06240365139021,8.624517630567311,-167.58148633436593,-176.20600396493325
1709436791763,3.0,-10.3194,0.8917999999999999,-0.98,45.733,4.4422,-11.6508,-0.18128654970760233,-215.0,-0.8742138364779874,22.6,1005.63,62.9639622435096,38.262161666666664,140.85376333333335,67.06240365139021,11.715431729580814,-167.58148633436593,-179.29691806394675
1709436791939,3.0,-10.9368,0.8134,0.3332,33.9834,-2.0748,0.5472,-0.23976608187134502,-221.0,-0.7484276729559748,22.7,1005.68,63.131482931359216,38.262161666666664,140.85376333333335,67.06240365139021,17.763365790228306,-167.58148633436593,174.65514787540576
1709436792115,3.0,-10.3782,1.5974,-0.294,-49.8864,31.6768,-4.2826,-0.4619883040935672,-222.0,-0.7987421383647799,22.7,1005.69,63.717826582438796,38.262161666666664,140.85376333333335,67.06240365139021,30.044865357651076,-167.58148633436593,162.373648307983
1709436792300,3.0,-10.3292,0.1862,-1.4014,-30.6356,-9.5988,-1.558,-0.27485380116959063,-217.0,-0.8490566037735849,22.7,1005.71,63.717826582438796,38.262161666666664,140.85376333333335,67.06240365139021,17.937633229314315,-167.58148633436593,174.48088043631975
1709436792500,3.0,-10.5252,1.4112,-0.5292,-38.9082,-7.3644,-0.4636,-0.2046783625730994,-219.0,-0.89937106918239,22.7,1005.71,63.382769021012244,38.262161666666664,140.85376333333335,67.06240365139021,12.820975067995619,-167.58148633436593,179.59753859763845
1709436792706,3.0,-10.7898,1.519,-0.588,-39.6492,-20.7708,-0.133,-0.005847953216374269,-218.0,-0.9245283018867925,22.6,1005.63,63.4665323997154,38.262161666666664,140.85376333333335,67.06240365139021,0.36241028954970034,-167.58148633436593,-167.94389662391563
1709436792874,3.0,-10.6036,0.5095999999999999,-0.5488,29.4348,0.513,-22.9938,0.029239766081871343,-226.0,-0.89937106918239,22.6,1005.68,63.4665323997154,38.262161666666664,140.85376333333335,67.06240365139021,-1.8621071539097613,-167.58148633436593,-165.71937918045617
1709436793043,3.0,-10.2606,1.6366,-0.0098,22.2984,-5.51,12.084,-0.04093567251461988,-231.0,-0.9245283018867925,22.6,1005.65,63.63406118041883,38.262161666666664,140.85376333333335,67.06240365139021,2.535249952234608,-167.58148633436593,-170.11673628660054
1709436793231,3.0,-10.2508,1.4504,0.196,29.564,-4.3928,-29.355,-0.1695906432748538,-214.0,-0.9245283018867925,22.7,1005.69,63.131482931359216,38.262161666666664,140.85376333333335,67.06240365139021,10.394481026506696,-167.58148633436593,-177.97596736087263
1709436793381,3.0,-10.838799999999999,0.8134,0.20579999999999998,36.7916,7.524,-13.5698,-0.28654970760233917,-219.0,-0.8616352201257862,22.6,1005.66,63.63406118041883,38.262161666666664,140.85376333333335,67.06240365139021,18.395319101635096,-167.58148633436593,174.02319456399897
1709436793508,3.0,-10.417399999999999,0.98,-0.5194,25.9958,-8.5728,11.4304,-0.27485380116959063,-217.0,-0.7987421383647799,22.7,1005.66,63.215244286848915,38.262161666666664,140.85376333333335,67.06240365139021,18.988765530526962,-167.58148633436593,173.4297481351071
1709436793654,3.0,-10.2704,0.7448,0.0588,-59.7132,-2.3446,-13.4368,-0.3684210526315789,-222.0,-0.8364779874213837,22.7,1005.63,63.801592658932144,38.262161666666664,140.85376333333335,67.06240365139021,23.770766361023675,-167.58148633436593,168.6477473046104
1709436793824,3.0,-10.691799999999999,1.4602,-0.0686,-30.571,-11.2708,3.0818,-0.14619883040935672,-224.0,-0.8867924528301887,22.7,1005.69,62.880202911125075,38.262161666666664,140.85376333333335,67.06240365139021,9.3617161633681,-167.58148633436593,-176.94320249773403
1709436793996,3.0,-9.9764,1.2935999999999999,-1.0094,48.5792,4.3624,2.2572,-0.15789473684210525,-221.0,-0.8867924528301887,22.6,1005.56,63.88535940989396,38.262161666666664,140.85376333333335,67.06240365139021,10.09580057238577,-167.58148633436593,-177.6772869067517
1709436794155,3.0,-10.535,1.274,0.5684,35.5566,-2.2496,2.679,-0.30994152046783624,-214.0,-0.8616352201257862,22.7,1005.65,64.30420328230585,38.262161666666664,140.85376333333335,67.06240365139021,19.784325441698286,-167.58148633436593,172.63418822393578
1709436794313,3.0,-10.4566,1.274,-0.32339999999999997,-38.4902,19.8094,21.0216,-0.2631578947368421,-216.0,-0.8490566037735849,22.6,1005.55,63.382769021012244,38.262161666666664,140.85376333333335,67.06240365139021,17.220379274978313,-167.58148633436593,175.19813439065575
1709436794482,3.0,-10.5742,0.1176,-1.617,-7.1934,-0.0646,0.6384,-0.22807017543859648,-217.0,-0.89937106918239,22.6,1005.69,62.880202911125075,38.262161666666664,140.85376333333335,67.06240365139021,14.229591821213432,-167.58148633436593,178.18892184442063
1709436794655,3.0,-10.3292,1.1368,-0.6076,-34.3178,-7.8432,5.0958,-0.19298245614035087,-225.0,-0.89937106918239,22.6,1005.62,62.9639622435096,38.262161666666664,140.85376333333335,67.06240365139021,12.11059776765444,-167.58148633436593,-179.69208410202037
1709436794789,3.0,-10.7408,0.43119999999999997,-0.9898,73.2184,-17.8448,-4.465,-0.09941520467836257,-216.0,-0.8616352201257862,22.6,1005.69,63.4665323997154,38.262161666666664,140.85376333333335,67.06240365139021,6.581666164777573,-167.58148633436593,-174.1631524991435
1709436794955,3.0,-10.4566,1.323,0.5194,25.004,-13.9916,-7.3036,-0.2631578947368421,-215.0,-0.7987421383647799,22.6,1005.69,63.63406118041883,38.262161666666664,140.85376333333335,67.06240365139021,18.23526307100201,-167.58148633436593,174.18325059463206
1709436795124,3.0,-10.554599999999999,1.1074,0.10779999999999999,-48.621,-12.4374,10.5412,-0.34502923976608185,-229.0,-0.7861635220125787,22.6,1005.66,63.4665323997154,38.262161666666664,140.85376333333335,67.06240365139021,23.695574651533775,-167.58148633436593,168.7229390141003
1709436795281,3.0,-10.3978,0.32339999999999997,-0.4508,-14.9188,-6.8514,6.9616,-0.28654970760233917,-215.0,-0.9245283018867925,22.6,1005.66,63.382769021012244,38.262161666666664,140.85376333333335,67.06240365139021,17.220379274978313,-167.58148633436593,175.19813439065575
